Gestore;Tipo Impianto;Indirizzo;Potenza (W)
3lettronica Industriale S.p.A;Televisione;Via  SILVA, 36;> 20 e <= 300
A.T.M. - AZIENDA TRASPORTI MUNICIPALI S.p.A.;Telefonia;Via  PIRELLI, 39;> 20 e <= 300
A.T.M. - AZIENDA TRASPORTI MUNICIPALI S.p.A.;Telefonia;Via  PALATUCCI,;> 20 e <= 300
A.T.M. - AZIENDA TRASPORTI MUNICIPALI S.p.A.;Telefonia;Via  PARRI,;> 7 e <= 20
A.T.M. - AZIENDA TRASPORTI MUNICIPALI S.p.A.;Telefonia;Via  MONTE ROSA, 89;> 20 e <= 300
A.T.M. - AZIENDA TRASPORTI MUNICIPALI S.p.A.;Telefonia;Via  ANASSAGORA, 11;> 7 e <= 20
A.T.M. - AZIENDA TRASPORTI MUNICIPALI S.p.A.;Telefonia;Via  PEDRONI, 40;> 7 e <= 20
A.T.M. - AZIENDA TRASPORTI MUNICIPALI S.p.A.;Telefonia;Via  RIZZARDI, 75;> 20 e <= 300
A.T.M. - AZIENDA TRASPORTI MUNICIPALI S.p.A.;Telefonia;Via  MARIGNANO, 51;> 7 e <= 20
A.T.M. - AZIENDA TRASPORTI MUNICIPALI S.p.A.;Altro;Località  PARCHEGGIO ATM ;> 20 e <= 300
A.T.M. - AZIENDA TRASPORTI MUNICIPALI S.p.A.;Telefonia;Via  PIRELLI, 39;> 7 e <= 20
A.T.M. - AZIENDA TRASPORTI MUNICIPALI S.p.A.;Telefonia;Via  MONTE ROSA, 89;> 7 e <= 20
A.T.M. - AZIENDA TRASPORTI MUNICIPALI S.p.A.;Altro;Via  PALATUCCI,;> 7 e <= 20
A.T.M. - AZIENDA TRASPORTI MUNICIPALI S.p.A.;Telefonia;Via  CILEA / RIZZARDI,;> 7 e <= 20
A.T.M. - AZIENDA TRASPORTI MUNICIPALI S.p.A.;Telefonia;Via  LARGA, 12;> 20 e <= 300
A2A S.p.A.;Altro;Via  AMARI, 6;> 7 e <= 20
A2A S.p.A.;Altro;Via  PIANELLA, 10;> 7 e <= 20
A2A S.p.A.;Altro;Via  PONTE NUOVO, 100;> 7 e <= 20
A2A S.p.A.;Altro;Corso  DI PORTA VITTORIA, 4;> 7 e <= 20
A2A S.p.A.;Altro;Piazza  TRENTO, 13;> 7 e <= 20
Assoc. Culturale RADIO ONDA D'URTO;Radiofonia;Via  SAPONARO, 32;> 1000
Assoc. Culturale RADIO ONDA D'URTO;Ponte;Via  LEONCAVALLO, 14;<= 7
Assoc. RADIO MARIA;Radiofonia;Via  SAN GALDINO, 5;> 1000
Assoc. RADIO MARIA;Ponte;Via  SAN GALDINO, 5;<= 7
CENTRO DI PRODUZIONE S.p.A.;Ponte;Via  FARA, 41;> 20 e <= 300
CENTRO DI PRODUZIONE S.p.A.;Ponte;Via  FARA, 41;> 20 e <= 300
CENTRO DI PRODUZIONE S.p.A.;Ponte;Sito  ORTOMERCATO,;<= 7
CENTRO DI PRODUZIONE S.p.A.;Ponte;Sito  ORTOMERCATO,;<= 7
CENTRO DI PRODUZIONE S.p.A.;Ponte;Via  POPOLI UNITI, 14;> 7 e <= 20
CENTRO DI PRODUZIONE S.p.A.;Ponte;Via  POPOLI UNITI, 14;> 7 e <= 20
CommsCon Italia S.r.l.;Microcella;Piazza  CORDUSIO - VIA BROLETTO;<= 7
CommsCon Italia S.r.l.;Microcella;Piazza  CORDUSIO,;<= 7
CommsCon Italia S.r.l.;Microcella;Piazza  VELASCA, 5;> 7 e <= 20
CommsCon Italia S.r.l.;Microcella;Foro  BONAPARTE,;<= 7
CommsCon Italia S.r.l.;Microcella;Corso  VENEZIA, 46;<= 7
CommsCon Italia S.r.l.;Microcella;Via  Zubiani Ausonio,;<= 7
CommsCon Italia S.r.l.;Microcella;Corso  SAN GOTTARDO,;<= 7
CommsCon Italia S.r.l.;Microcella;Via  FIORI CHIARI,;> 7 e <= 20
CommsCon Italia S.r.l.;Microcella;Via  PONTE VETERO,;<= 7
CommsCon Italia S.r.l.;Microcella;Corso  BUENOS AIRES,;<= 7
CommsCon Italia S.r.l.;Microcella;Corso  VERCELLI,;<= 7
CommsCon Italia S.r.l.;Microcella;Piazza  SIENA,;<= 7
CommsCon Italia S.r.l.;Microcella;Via  TORINO,;<= 7
CommsCon Italia S.r.l.;Microcella;Via  TORINO,;<= 7
CommsCon Italia S.r.l.;Microcella;Via  PELLEGRINO ROSSI,;<= 7
CommsCon Italia S.r.l.;Microcella;Via  SETTEMBRINI,;<= 7
CommsCon Italia S.r.l.;Microcella;Largo  PORTO DI CLASSE,;<= 7
CommsCon Italia S.r.l.;Microcella;Corso  DI PORTA TICINESE,;<= 7
CommsCon Italia S.r.l.;Microcella;Via  PERUSSIA,;<= 7
CommsCon Italia S.r.l.;Microcella;Via  TRENNO,;<= 7
CommsCon Italia S.r.l.;Microcella;Via  QUARENGHI,;<= 7
CommsCon Italia S.r.l.;Microcella;Piazza  della REPUBBLICA,;<= 7
CommsCon Italia S.r.l.;Microcella;Via  VALLE ISORNO,;> 20 e <= 300
CommsCon Italia S.r.l.;Microcella;Via  MOSCA,;> 20 e <= 300
CommsCon Italia S.r.l.;Microcella;Via  BAGAROTTI,;> 20 e <= 300
CommsCon Italia S.r.l.;Microcella;Via  PERTINI,;> 20 e <= 300
CommsCon Italia S.r.l.;Microcella;Largo  GEMELLI,;> 7 e <= 20
CommsCon Italia S.r.l.;Microcella;Piazza  MEDA,;<= 7
CommsCon Italia S.r.l.;Microcella;Piazza  XXIV MAGGIO,;<= 7
CommsCon Italia S.r.l.;Microcella;Piazza  DUOMO,;<= 7
CommsCon Italia S.r.l.;Microcella;Piazzale  UDINE,;<= 7
CommsCon Italia S.r.l.;Microcella;Ripa  DI PORTA TICINESE,;<= 7
CommsCon Italia S.r.l.;Microcella;Corso  SAN GOTTARDO,;<= 7
CommsCon Italia S.r.l.;Microcella;Via  MUSSI GIUSEPPE,;<= 7
CommsCon Italia S.r.l.;Microcella;Via  TRIVULZIO,;<= 7
CommsCon Italia S.r.l.;Microcella;Via  CELESTINO IV,;<= 7
CommsCon Italia S.r.l.;Microcella;Via  CECHOV, 50;<= 7
CommsCon Italia S.r.l.;Microcella;Via  Lampugnano /M. di Savoia,;> 7 e <= 20
CommsCon Italia S.r.l.;Microcella;Via  BALLA,;> 7 e <= 20
CommsCon Italia S.r.l.;Microcella;Via  Cilea, 50;> 20 e <= 300
CommsCon Italia S.r.l.;Microcella;Via  Amedeo D'AOSTA,;<= 7
CommsCon Italia S.r.l.;Microcella;Viale  TURCHIA,;<= 7
CommsCon Italia S.r.l.;Microcella;Viale  BRIANZA,;<= 7
CommsCon Italia S.r.l.;Microcella;Via  DON CALABRIA,;> 7 e <= 20
CommsCon Italia S.r.l.;Microcella;Via  CUFRA,;<= 7
CommsCon Italia S.r.l.;Microcella;Via  DONATELLI,;> 7 e <= 20
CommsCon Italia S.r.l.;Microcella;Via  BACCELLI,;> 7 e <= 20
CommsCon Italia S.r.l.;Microcella;Via  Conservatorio,;<= 7
CommsCon Italia S.r.l.;Microcella;Via  Olivetani,;> 20 e <= 300
CommsCon Italia S.r.l.;Microcella;Via  VARESINA,;<= 7
CommsCon Italia S.r.l.;Microcella;Via  CADORE, 34;<= 7
CommsCon Italia S.r.l.;Microcella;Via  DEZZA GIUSEPPE,;<= 7
CommsCon Italia S.r.l.;Microcella;Viale  PREMUDA,;<= 7
CommsCon Italia S.r.l.;Microcella;Viale  BIANCA MARIA,;<= 7
CommsCon Italia S.r.l.;Microcella;Via  PANTANO, 1;<= 7
CommsCon Italia S.r.l.;Microcella;Via  Cesare Cantù,;<= 7
CommsCon Italia S.r.l.;Microcella;Via  Croce Rossa / Manzoni,;<= 7
CommsCon Italia S.r.l.;Microcella;Piazza  SAN BABILA,;<= 7
CommsCon Italia S.r.l.;Microcella;Via  Palestro ang. Marina,;> 7 e <= 20
CommsCon Italia S.r.l.;Microcella;Piazza  Principessa Clotilde,;<= 7
CommsCon Italia S.r.l.;Microcella;Piazza  del LIBERTY,;<= 7
CommsCon Italia S.r.l.;Microcella;Via  TORINO, 14;<= 7
CommsCon Italia S.r.l.;Microcella;Via  Padre Gerardo Beccaro,;<= 7
CommsCon Italia S.r.l.;Microcella;Via  Piazza Della Scienza,;> 7 e <= 20
CommsCon Italia S.r.l.;Microcella;Corso  Como,;<= 7
CommsCon Italia S.r.l.;Microcella;Corso  Europa,;> 7 e <= 20
CommsCon Italia S.r.l.;Microcella;Piazza  DUOMO,;> 7 e <= 20
CommsCon Italia S.r.l.;Microcella;Corso  V. EMANUELE;> 7 e <= 20
CommsCon Italia S.r.l.;Microcella;Corso  VITTORIO EMANUELE II, 30;> 20 e <= 300
CommsCon Italia S.r.l.;Microcella;Corso  MATTEOTTI,;> 7 e <= 20
CommsCon Italia S.r.l.;Microcella;Via  PIETRO VERRI;> 7 e <= 20
CommsCon Italia S.r.l.;Microcella;Corso  V. EMANUELE ;> 20 e <= 300
CommsCon Italia S.r.l.;Microcella;Via  ALBRICCI,;> 7 e <= 20
CommsCon Italia S.r.l.;Microcella;Viale  BLIGNY,;> 7 e <= 20
CommsCon Italia S.r.l.;Microcella;Corso  DI PORTA ROMANA AN;> 7 e <= 20
CommsCon Italia S.r.l.;Microcella;Via  FRANCESCO VIGANO',;> 7 e <= 20
CommsCon Italia S.r.l.;Microcella;Piazza  XXV Aprile ,;> 7 e <= 20
CommsCon Italia S.r.l.;Microcella;Via  San Paolo,;> 7 e <= 20
CommsCon Italia S.r.l.;Microcella;Via  SANGRO,;<= 7
CommsCon Italia S.r.l.;Microcella;Via  Torino,;> 7 e <= 20
CommsCon Italia S.r.l.;Microcella;Via  Marino ang. Via Ragazzi del 99,;> 7 e <= 20
CommsCon Italia S.r.l.;Microcella;Via  CARACCIOLO, 52;> 7 e <= 20
CommsCon Italia S.r.l.;Microcella;Via  LORENTEGGIO,;<= 7
CommsCon Italia S.r.l.;Microcella;Piazzale  GIULIO CESARE,;> 7 e <= 20
CommsCon Italia S.r.l.;Microcella;Corso  GARIBALDI,;> 7 e <= 20
CommsCon Italia S.r.l.;Microcella;Corso  COMO,;> 7 e <= 20
CommsCon Italia S.r.l.;Microcella;Piazzale  CADORNA,;> 7 e <= 20
CommsCon Italia S.r.l.;Microcella;Via privata  LAMBRUSCHINI,;> 7 e <= 20
CommsCon Italia S.r.l.;Microcella;Via privata  GIAMPIETRINO,;> 7 e <= 20
CommsCon Italia S.r.l.;Microcella;Largo  USUELLI,;<= 7
CommsCon Italia S.r.l.;Microcella;Piazza  DUOMO,;<= 7
CommsCon Italia S.r.l.;Microcella;Viale  SUZZANI, 221;<= 7
CommsCon Italia S.r.l.;Microcella;Via  CENA, 8;<= 7
CommsCon Italia S.r.l.;Microcella;Via  CARNIA, 32;<= 7
CommsCon Italia S.r.l.;Microcella;Via  BUONARROTI,;> 7 e <= 20
CommsCon Italia S.r.l.;Microcella;Corso  LODI,;> 7 e <= 20
CommsCon Italia S.r.l.;Microcella;Piazza  SAN BABILA,;<= 7
CommsCon Italia S.r.l.;Microcella;Via  LEGIONI ROMANE,;<= 7
CommsCon Italia S.r.l.;Microcella;Via  BORSA, 18;<= 7
CommsCon Italia S.r.l.;Microcella;Piazza  LUIGI DI SAVOIA,;> 7 e <= 20
CommsCon Italia S.r.l.;Microcella;Via  Andrea DORIA,;> 7 e <= 20
CommsCon Italia S.r.l.;Microcella;Corso  DI PORTA ROMANA,;> 7 e <= 20
CommsCon Italia S.r.l.;Microcella;Corso  DI PORTA ROMANA,;<= 7
CommsCon Italia S.r.l.;Microcella;Via  GASPAROTTO,;> 7 e <= 20
CommsCon Italia S.r.l.;Microcella;Via  TRIVULZIO,;<= 7
CommsCon Italia S.r.l.;Microcella;Piazza  della SCALA,;<= 7
CommsCon Italia S.r.l.;Microcella;Via  PIRELLI GIOVANNI BATTISTA;> 7 e <= 20
CommsCon Italia S.r.l.;Microcella;Via  GIOIA Melchiorre,;> 7 e <= 20
CommsCon Italia S.r.l.;Microcella;Viale  MONZA,;<= 7
CommsCon Italia S.r.l.;Microcella;Via  Zurigo, 22;<= 7
CommsCon Italia S.r.l.                                                                                                              ; Microcella      ; Sito  Parcheggio Lampugnano;  <= 7
CommsCon Italia S.r.l.;Microcella;Corso  LODI,;<= 7
CommsCon Italia S.r.l.;Microcella;Corso  BUENOS AIRES,;> 7 e <= 20
CommsCon Italia S.r.l.;Microcella;Corso  GARIBALDI,;> 7 e <= 20
CommsCon Italia S.r.l.;Microcella;Viale  GRAN SASSO,;> 7 e <= 20
CommsCon Italia S.r.l.;Microcella;Piazzale  LOTTO,;<= 7
CommsCon Italia S.r.l.;Microcella;Piazza  UDINE,;> 7 e <= 20
CommsCon Italia S.r.l.;Microcella;Piazza  CORDUSIO,;> 7 e <= 20
CommsCon Italia S.r.l.;Microcella;Piazza  MISSORI,;> 7 e <= 20
CommsCon Italia S.r.l.;Microcella;Corso  GARIBALDI,;> 7 e <= 20
CommsCon Italia S.r.l.;Microcella;Via  PAGANO MARIO,;> 7 e <= 20
CommsCon Italia S.r.l.;Microcella;Via  MAROCHETTI,;> 7 e <= 20
CommsCon Italia S.r.l.;Microcella;Via  PRIMATICCIO,;> 7 e <= 20
CommsCon Italia S.r.l.;Microcella;Via  PACINI,;> 7 e <= 20
CommsCon Italia S.r.l.;Microcella;Piazza  MISTRAL,;> 7 e <= 20
CommsCon Italia S.r.l.;Microcella;Corso  LODI,;> 7 e <= 20
CommsCon Italia S.r.l.;Microcella;Via  ROGOREDO,;> 7 e <= 20
CommsCon Italia S.r.l.;Microcella;Viale  MONZA,;<= 7
CommsCon Italia S.r.l.;Microcella;Corso  VENEZIA,;> 7 e <= 20
CommsCon Italia S.r.l.;Microcella;Viale  SONDRIO,;<= 7
CommsCon Italia S.r.l.;Microcella;Viale  MONZA,;<= 7
CommsCon Italia S.r.l.;Microcella;Piazza  MONTE TITANO, 6;> 7 e <= 20
CommsCon Italia S.r.l.;Microcella;Piazza  UDINE,;> 7 e <= 20
CommsCon Italia S.r.l.;Microcella;Via  Salerio / Orsenigo,;> 7 e <= 20
CommsCon Italia S.r.l.;Microcella;Viale  MONZA,;<= 7
CommsCon Italia S.r.l.;Microcella;Viale  MONZA,;<= 7
CommsCon Italia S.r.l.;Microcella;Piazza  WAGNER,;<= 7
CommsCon Italia S.r.l.;Microcella;Via  ARBE,;<= 7
CommsCon Italia S.r.l.;Microcella;Via  SAN GIUSTO,;<= 7
CommsCon Italia S.r.l.;Microcella;Via  Mascagni,;> 7 e <= 20
CommsCon Italia S.r.l.;Microcella;Via  Pantano,;> 7 e <= 20
CommsCon Italia S.r.l.;Microcella;Via  VERDI,;<= 7
CommsCon Italia S.r.l.;Microcella;Via  PITTERI, 84;<= 7
CommsCon Italia S.r.l.;Microcella;Via  ADRIANO, 81;<= 7
CommsCon Italia S.r.l.;Microcella;Via  BORSA Mario,;> 7 e <= 20
CommsCon Italia S.r.l.;Microcella;Piazza  dell'OSPEDALE MAGGI;<= 7
CommsCon Italia S.r.l.;Microcella;Corso  VERCELLI,;<= 7
CommsCon Italia S.r.l.;Microcella;Via  Gaetano DE CASTILLIA, 11;<= 7
CommsCon Italia S.r.l.;Microcella;Località  TRE TORRI,;<= 7
CommsCon Italia S.r.l.;Microcella;Via  LORENTEGGIO, 219;<= 7
CommsCon Italia S.r.l.;Microcella;Via  Vigliani, 59;<= 7
CommsCon Italia S.r.l.;Microcella;Via  LEGNONE, 3;<= 7
CommsCon Italia S.r.l.;Microcella;Via  PELLEGRINO ROSSI, 63;<= 7
CommsCon Italia S.r.l.;Microcella;Piazza  DUOMO (Lato Rinascente);> 7 e <= 20
CommsCon Italia S.r.l.;Microcella;Corso  LODI,;<= 7
CommsCon Italia S.r.l.;Microcella;Piazza  DUCA D'AOSTA,;<= 7
CommsCon Italia S.r.l.;Microcella;Piazzale  CORVETTO,;> 7 e <= 20
CommsCon Italia S.r.l.;Microcella;Piazza  DUOMO,;> 7 e <= 20
CommsCon Italia S.r.l.;Microcella;Piazzale  LODI,;> 7 e <= 20
CommsCon Italia S.r.l.;Microcella;Piazza  MISSORI,;<= 7
CommsCon Italia S.r.l.;Microcella;Via  MANZONI,;<= 7
CommsCon Italia S.r.l.;Microcella;Piazza  MEDAGLIE D'ORO,;> 7 e <= 20
CommsCon Italia S.r.l.;Microcella;Via  CASSINIS,;<= 7
CommsCon Italia S.r.l.;Microcella;Piazza  della REPUBBLICA,;<= 7
CommsCon Italia S.r.l.;Microcella;Via  CASSINIS,;> 7 e <= 20
CommsCon Italia S.r.l.;Microcella;Sito  STAZIONE METROPOLITANA;<= 7
CommsCon Italia S.r.l.;Microcella;Viale  ZARA,;<= 7
CommsCon Italia S.r.l.;Microcella;Via  CHIESE ang. Via Sesto San Giovanni;> 7 e <= 20
CommsCon Italia S.r.l.;Microcella;Via  GIACOSA,;> 7 e <= 20
CommsCon Italia S.r.l.;Microcella;Viale  PALESTRO,;> 7 e <= 20
CommsCon Italia S.r.l.;Microcella;Piazza  della REPUBBLICA,;<= 7
CommsCon Italia S.r.l.;Microcella;Piazza  GAE AULENTI, 6;<= 7
CommsCon Italia S.r.l.;Ponte;Via  FILZI FABIO, 22;<= 7
CommsCon Italia S.r.l.;Microcella;Via  FILZI, 22;<= 7
CommsCon Italia S.r.l.;Microcella;Piazza  dell'Ospedale Maggiore,;<= 7
CommsCon Italia S.r.l.;Microcella;Via  Filzi, 20;<= 7
CommsCon Italia S.r.l.;Microcella;Piazzale  LORETO,;<= 7
CommsCon Italia S.r.l.;Ponte;Via  FRATELLI RIZZARDI, 75;<= 7
CommsCon Italia S.r.l.;Microcella;Corso  VITTORIO EMANUELE,;<= 7
CommsCon Italia S.r.l.;Microcella;Via  SANTA SOFIA,;<= 7
CommsCon Italia S.r.l.;Microcella;Via  SAN BARNABA,;> 20 e <= 300
CommsCon Italia S.r.l.;Microcella;Via  MASCAGNI PIETRO,;<= 7
CommsCon Italia S.r.l.;Microcella;Via  FREGUGLIA,;<= 7
CommsCon Italia S.r.l.;Microcella;Corso  PORTA VITTORIA,;<= 7
CommsCon Italia S.r.l.;Microcella;Via  MARTINENGO FRANCESCO,;<= 7
CommsCon Italia S.r.l.;Microcella;Via  Cantu',;> 7 e <= 20
CommsCon Italia S.r.l.;Ponte;Piazza  Castello,;<= 7
CommsCon Italia S.r.l.;Microcella;Piazza  AMENDOLA,;> 7 e <= 20
CommsCon Italia S.r.l.;Microcella;Piazza  SAN BABILA,;<= 7
CommsCon Italia S.r.l.;Microcella;Via  CATERINA DA FORLI',;> 7 e <= 20
CommsCon Italia S.r.l.;Microcella;Via  BISCEGLIE,;> 7 e <= 20
CommsCon Italia S.r.l.;Microcella;Piazza  BUONARROTI,;<= 7
CommsCon Italia S.r.l.;Microcella;Piazza  CADORNA,;<= 7
CommsCon Italia S.r.l.;Microcella;Largo  CAIROLI,;<= 7
CommsCon Italia S.r.l.;Microcella;Piazza  CONCILIAZIONE,;<= 7
CommsCon Italia S.r.l.;Microcella;Piazza  DE ANGELI,;<= 7
CommsCon Italia S.r.l.;Microcella;Piazzale  GAMBARA,;<= 7
CommsCon Italia S.r.l.;Microcella;Piazza  CADORNA,;> 7 e <= 20
CommsCon Italia S.r.l.;Microcella;Piazza  CONCILIAZIONE,;<= 7
CommsCon Italia S.r.l.;Microcella;Via  PAGANO,;> 7 e <= 20
CommsCon Italia S.r.l.;Microcella;Via  MERCANTI,;> 7 e <= 20
CommsCon Italia S.r.l.;Microcella;Piazza  LIMA,;<= 7
CommsCon Italia S.r.l.;Microcella;Viale  MONZA,;<= 7
CommsCon Italia S.r.l.;Microcella;Via  PALESTRO,;> 7 e <= 20
CommsCon Italia S.r.l.;Microcella;Piazza  BONOLA,;> 7 e <= 20
CommsCon Italia S.r.l.;Microcella;Via  Inganni,;> 7 e <= 20
CommsCon Italia S.r.l.;Microcella;Piazza  LIMA,;> 7 e <= 20
CommsCon Italia S.r.l.;Microcella;Piazzale  LORETO,;<= 7
CommsCon Italia S.r.l.;Microcella;Piazzale  LOTTO,;> 7 e <= 20
CommsCon Italia S.r.l.;Microcella;Via  F. RIZZARDI VIA CILEA,;> 7 e <= 20
CommsCon Italia S.r.l.;Microcella;Via  PAGANO MARIO,;<= 7
CommsCon Italia S.r.l.;Microcella;Via  PALESTRO,;<= 7
CommsCon Italia S.r.l.;Microcella;Viale  MONZA,;<= 7
CommsCon Italia S.r.l.;Microcella;Viale  MONZA,;<= 7
CommsCon Italia S.r.l.;Microcella;Via  PRIMATICCIO,;<= 7
CommsCon Italia S.r.l.;Microcella;Piazzale  OBERDAN,;<= 7
CommsCon Italia S.r.l.;Microcella;Viale  MONZA,;<= 7
CommsCon Italia S.r.l.;Microcella;Via  MARIO BORSA,;<= 7
CommsCon Italia S.r.l.;Microcella;Viale  MONZA,;<= 7
CommsCon Italia S.r.l.;Microcella;Via  CROCE,;> 7 e <= 20
CommsCon Italia S.r.l.;Microcella;Viale  MONZA,;<= 7
CommsCon Italia S.r.l.;Microcella;Piazza  WAGNER,;<= 7
CommsCon Italia S.r.l.;Microcella;Corso  XXII Marzo,;> 7 e <= 20
CommsCon Italia S.r.l.;Microcella;Piazza  CAIAZZO,;<= 7
CommsCon Italia S.r.l.;Microcella;Piazza  DUCA D'AOSTA,;> 7 e <= 20
CommsCon Italia S.r.l.;Microcella;Viale  FAMAGOSTA,;<= 7
CommsCon Italia S.r.l.;Microcella;Via  Don Sturzo,;<= 7
CommsCon Italia S.r.l.;Microcella;Via  GIOIA Melchiorre,;<= 7
CommsCon Italia S.r.l.;Microcella;Piazza  BOTTINI Enrico,;<= 7
CommsCon Italia S.r.l.;Microcella;Foro  BUONAPARTE,;<= 7
CommsCon Italia S.r.l.;Microcella;Piazza  LORETO,;> 7 e <= 20
CommsCon Italia S.r.l.;Microcella;Piazza  PIOLA,;> 7 e <= 20
CommsCon Italia S.r.l.;Microcella;Piazza  UDINE,;<= 7
CommsCon Italia S.r.l.;Microcella;Via  MONTE GRAPPA,;> 7 e <= 20
CommsCon Italia S.r.l.;Microcella;Via  Padre Gerardo Beccaro,;> 7 e <= 20
CommsCon Italia S.r.l.;Microcella;Via  TREMELLONI, 4;<= 7
CommsCon Italia S.r.l.;Microcella;Via  Salmoiraghi,;> 7 e <= 20
CommsCon Italia S.r.l.;Microcella;Piazza  SANTA MARIA RINASCENTE;<= 7
CommsCon Italia S.r.l.;Microcella;Via  MORESCHI,;<= 7
CommsCon Italia S.r.l.;Microcella;Piazza  SANTA MARIA NASCENTE,;> 7 e <= 20
CommsCon Italia S.r.l.;Microcella;Via  FILZI FABIO, 22;<= 7
CommsCon Italia S.r.l.;Microcella;Piazza  dell'OSPEDALE MAGGI;> 7 e <= 20
CommsCon Italia S.r.l.;Microcella;Via  Carozzi,;<= 7
CommsCon Italia S.r.l.;Microcella;Via  PICCOLOMINI, 5;<= 7
CommsCon Italia S.r.l.;Microcella;Via  PICCOLOMINI, 5;<= 7
CommsCon Italia S.r.l.;Microcella;Via  dei PICCOLOMINI, 5;> 20 e <= 300
e-via S.p.A.;Microcella;Corso  SEMPIONE, 27;> 7 e <= 20
Elettronica Industriale S.p.A. - Telecommunication Tecnology;Microcella;Via  SILVA, 36;> 20 e <= 300
Elettronica Industriale S.p.A. - Telecommunication Tecnology;Microcella;Via  SILVA, 36;> 20 e <= 300
Elettronica Industriale S.p.A. - Telecommunication Tecnology;Microcella;Via  SILVA, 36;> 20 e <= 300
Elettronica Industriale S.p.A. - Telecommunication Tecnology;Microcella;Via  SILVA, 36;> 20 e <= 300
Elettronica Industriale S.p.A. - Telecommunication Tecnology;Microcella;Via  SILVA, 36;> 20 e <= 300
ELITE S.r.l.;Microcella;Via  SAN GALDINO, 5;> 1000
ENAV S.p.A.;Microcella;Sito  AEROPORTO FORLANINI - MILANO;> 20 e <= 300
EUROPA TV S.p.A.;Microcella;Via  PIRELLI,;<= 7
EUROPA TV S.p.A.;Microcella;Via  SAN GALDINO, 5;> 300 e <= 1000
GENERAL BROADCASTING RADIO S.p.A.;Ponte;Via  TURATI, 29;<= 7
H3G S.p.A.;Ponte;Via  MARCO AURELIO, 26;<= 7
H3G S.p.A.;Ponte;Via  Bovio, 6;<= 7
H3G S.p.A.;Telefonia;Viale  AVIAZIONE, 65;<= 7
H3G S.p.A.;Telefonia;Via  MOLINETTO, 59;> 300 e <= 1000
H3G S.p.A.;Telefonia;Via  MONTE PIANA, 7;> 20 e <= 300
H3G S.p.A.;Microcella;Via  SOLFERINO,;<= 7
H3G S.p.A.;Microcella;Corso  SAN GOTTARDO, 5;<= 7
H3G S.p.A.;Microcella;Piazza  DE ANGELI, 3;<= 7
H3G S.p.A.;Microcella;Via  del GESU', 6;<= 7
H3G S.p.A.;Telefonia;Via  FOLLI, 17;> 20 e <= 300
H3G S.p.A.;Telefonia;Viale  SUZZANI, 119;> 20 e <= 300
H3G S.p.A.;Telefonia;Via  IPPODROMO, 141;> 20 e <= 300
H3G S.p.A.;Telefonia;Viale  MONZA, 139;> 20 e <= 300
H3G S.p.A.;Telefonia;Via  MOMIGLIANO, 2;> 300 e <= 1000
H3G S.p.A.;Telefonia;Via  STOPPANI, 33;> 20 e <= 300
H3G S.p.A.;Telefonia;Viale  MAJNO, 10;> 300 e <= 1000
H3G S.p.A.;Telefonia;Viale  CERTOSA, 108;> 20 e <= 300
H3G S.p.A.;Telefonia;Via  AIRAGHI, 49;> 20 e <= 300
ILIAD ITALIA S.p.A.;Telefonia;Via  delle Forze Armate, 364;> 300 e <= 1000
ILIAD ITALIA S.p.A.;Telefonia;Largo  AUGUSTO, 7;> 300 e <= 1000
ILIAD ITALIA S.p.A.;Telefonia;Piazzale  SUSA, 11;> 20 e <= 300
ILIAD ITALIA S.p.A.;Telefonia;Via  Sabatino Lopez, 9;> 300 e <= 1000
ILIAD ITALIA S.p.A.;Telefonia;Via  CADRONA, 14;> 300 e <= 1000
ILIAD ITALIA S.p.A.;Telefonia;Via  ORNATO, 74;> 300 e <= 1000
ILIAD ITALIA S.p.A.;Telefonia;Viale  Sarca, 396;> 300 e <= 1000
ILIAD ITALIA S.p.A.;Telefonia;Via  GOVONE, 44;> 300 e <= 1000
INTER MIRIFICA S.r.l.;Ponte;Via  Silva, 36;<= 7
INWIT - Infrastrutture Wireless italiane S.p.A.;Microcella;Piazza  TRE TORRI,;<= 7
LA 7 s.r.l.;Televisione;Piazza  REPUBBLICA, 32;> 1000
LA 9 S.p.A.;Televisione;Via  SAN GALDINO, 5;> 1000
LifeGate Radio S.p.A.;Radiofonia;Via  STAMIRA D'ANCONA, 24;> 1000
LifeGate Radio S.p.A.;Ponte;Galleria  del CORSO, 4;<= 7
LifeGate Radio S.p.A.;Ponte;Via  SAN GALDINO, 5;<= 7
Linkem S.p.A.;Telefonia;Piazza  LAGOSTA,;> 20 e <= 300
Linkem S.p.A.;Telefonia;Via  Cenisio, 83;> 20 e <= 300
Linkem S.p.A.;Telefonia;Via  BERGOGNONE, 53;> 20 e <= 300
Linkem S.p.A.;WiFi;Corso  SEMPIONE, 27;<= 7
Linkem S.p.A.;Telefonia;Via  PARAVIA,;> 20 e <= 300
Linkem S.p.A.;Telefonia;Via  CUNEO, 4;> 20 e <= 300
Linkem S.p.A.;Telefonia;Via  Lambruschini, 36;> 20 e <= 300
Linkem S.p.A.;Telefonia;Corso  DI PORTA NUOVA , 7;> 20 e <= 300
Linkem S.p.A.;Telefonia;Via  DE AMICIS, 19;> 20 e <= 300
MEDIATECH S.r.l.;Ponte;Via  CASATI, 45;<= 7
MEDIATECH S.r.l.;Radiofonia;Via  SAN GALDINO, 5;> 1000
Monradio S.r.l.;Radiofonia;Via  TURATI, 29;> 1000
Monradio S.r.l.;Ponte;Via  TURATI, 29;<= 7
Monradio S.r.l.;Ponte;Via  TURATI, 29;<= 7
Monradio S.r.l.;Ponte;Via  LOCATELLI, 1;<= 7
Monradio S.r.l.;Ponte;Via  LOCATELLI, 1;<= 7
Monradio S.r.l.;Ponte;Via  LOCATELLI, 1;<= 7
Monradio S.r.l.;Ponte;Via  LOCATELLI, 1;<= 7
Monradio S.r.l.;Ponte;Via  TURATI, 29;<= 7
Monradio S.r.l.;Ponte;Via  TURATI, 29;<= 7
MULTIMEDIA SAN PAOLO S.r.l.;Televisione;Via  SAN GALDINO, 5;> 1000
MULTIMEDIA SAN PAOLO S.r.l.;Ponte;Via  SILVA, 36;<= 7
MULTIMEDIA SAN PAOLO S.r.l.;Ponte;Via  SILVA, 36;<= 7
MULTIMEDIA SAN PAOLO S.r.l.;Ponte;Piazza  DUOMO,;<= 7
MULTIMEDIA SAN PAOLO S.r.l.;Ponte;Via  PICCOLOMINI, 5;<= 7
MULTIMEDIA SAN PAOLO S.r.l.;Ponte;Via  PICCOLOMINI, 5;<= 7
MULTIMEDIA SAN PAOLO S.r.l.;Ponte;Via  SILVA, 36;<= 7
NOVARADIO A S.r.l.;Radiofonia;Via  SILVA, 36;> 1000
NOVARADIO A S.r.l.;Radiofonia;Via  SAN GALDINO, 5;> 1000
NUOVA RADIO S.p.A.;Radiofonia;Viale  MONTE ROSA,;<= 7
NUOVA RADIO S.p.A.;Ponte;Viale  MONTE ROSA,;<= 7
NUOVA RADIO S.p.A.;Ponte;Via  MONTE ROSA, 91;<= 7
NUOVA RADIO S.p.A.;Televisione;Viale  MONTE ROSA,;> 20 e <= 300
NUOVA RADIO S.p.A.;Ponte;Viale  RICHARD, 1;<= 7
NUOVA RADIO S.p.A.;Ponte;Viale  RICHARD, 1;<= 7
NUOVA RADIO S.p.A.;Ponte;Viale  RICHARD, 1;<= 7
NUOVA RADIO S.p.A.;Ponte;Via  SCARLATTI, 33;<= 7
NUOVA RADIO S.p.A.;Ponte;Via  POPOLI UNITI,;> 20 e <= 300
NUOVA RADIO S.p.A.;Ponte;Viale  RICHARD, 1;<= 7
NUOVA RADIO S.p.A.;Ponte;Via  SAN GALDINO, 5;<= 7
NUOVA RADIO S.p.A.;Ponte;Via  RICHARD, 1;<= 7
NUOVA RADIO S.p.A.;Ponte;Viale  RICHARD, 1;<= 7
Politecnico di Milano;Ponte;Via  PONZIO, 34;<= 7
PRIMA TV S.p.A.;Ponte;Via  PIRELLI,;<= 7
PRIMA TV S.p.A.;Televisione;Via  FILZI, 22;> 20 e <= 300
PRIMA TV S.p.A.;Televisione;Via  silva, 36;> 20 e <= 300
PUBLIAUDIO S.r.l.;Radiofonia;Via  CASATI, 45;> 1000
PUBLIAUDIO S.r.l.;Ponte;Via  SAN GALDINO, 5;<= 7
PUBLIAUDIO S.r.l.;Radiofonia;Via  SAN GALDINO, 5;> 1000
R.C.S. (RADIO COMMUNICATION SERVICE) S.r.l.;Ponte;Via  BELINZAGHI, 15;<= 7
R.T.I. - Reti Televisive Italiane S.p.A. (Gruppo Mediaset);Ponte;Via  FILZI, 22;<= 7
R.T.I. - Reti Televisive Italiane S.p.A. (Gruppo Mediaset);Ponte;Via  FILZI, 22;<= 7
R.T.I. - Reti Televisive Italiane S.p.A. (Gruppo Mediaset);Altro;Via  PIRELLI,;<= 7
R.T.I. - Reti Televisive Italiane S.p.A. (Gruppo Mediaset);Altro;Via  SAN GALDINO, 5;<= 7
R.T.I. - Reti Televisive Italiane S.p.A. (Gruppo Mediaset);Televisione;Via  FILZI, 22;> 300 e <= 1000
R.T.I. - Reti Televisive Italiane S.p.A. (Gruppo Mediaset);Televisione;Via  FILZI, 22;> 300 e <= 1000
R.T.I. - Reti Televisive Italiane S.p.A. (Gruppo Mediaset);Televisione;Via  FILZI, 22;> 300 e <= 1000
RADIANT S.p.A.;Ponte;Via  SAN GALDINO, 5;<= 7
RADIO CLASSICA S.r.l.;Radiofonia;Piazza  VELASCA, 5;> 300 e <= 1000
RADIO FM CLASSICS S.r.l.;Radiofonia;Via  TURATI, 29;> 1000
RADIO ITALIA S.p.A.;Radiofonia;Via  VAL DEVERO, 19;> 300 e <= 1000
RADIO ITALIA S.p.A.;Ponte;Via  CASATI, 2;<= 7
RADIO ITALIA S.p.A.;Radiofonia;Via  CASATI, 45;> 1000
RADIO ITALIA S.p.A.;Ponte;Via  CASATI, 2;<= 7
RADIO ITALIA S.p.A.;Ponte;Via  CASATI, 2;<= 7
RADIO ITALIA S.p.A.;Ponte;Via  CASATI, 2;<= 7
RADIO ITALIA S.p.A.;Ponte;Via  CASATI, 2;<= 7
RADIO ITALIA S.p.A.;Ponte;Via  CASATI, 2;<= 7
RADIO ITALIA S.p.A.;Ponte;Via  CASATI, 2;<= 7
RADIO ITALIA S.p.A.;Ponte;Via  CASATI, 45;<= 7
RADIO ITALIA S.p.A.;Ponte;Via  CASATI, 45;<= 7
RADIO KISS KISS S.r.l.;Radiofonia;Via  VALENZA, 5;> 1000
RADIO LAGOUNO S.r.l.;Ponte;Via  Vincenzo DA SEREGNO,;<= 7
RADIO MENEGHINA S.r.l.;Radiofonia;Via  VALENZA, 5;> 1000
RADIO PADANIA Società Cooperativa;Radiofonia;Piazza  VELASCA, 5;> 1000
RADIO PADANIA Società Cooperativa;Ponte;Via  BELLERIO, 41;<= 7
RADIO ZETA S.r.l.;Radiofonia;Via  Vincenzo DA SEREGNO, 4;> 1000
RAI WAY S.p.A.;Ponte;Corso  SEMPIONE, 27;<= 7
RAI WAY S.p.A.;Radiofonia;Corso  SEMPIONE, 27;> 1000
RAI WAY S.p.A.;Ponte;Corso  SEMPIONE, 27;<= 7
RAI WAY S.p.A.;Ponte;Corso  SEMPIONE, 27;<= 7
RAI WAY S.p.A.;Radiofonia;Corso  SEMPIONE, 27;> 1000
RAI WAY S.p.A.;Ponte;Corso  SEMPIONE, 27;<= 7
RAI WAY S.p.A.;Ponte;Corso  SEMPIONE, 27;<= 7
RAI WAY S.p.A.;Ponte;Corso  SEMPIONE, 27;<= 7
RAI WAY S.p.A.;Radiofonia;Corso  SEMPIONE, 27;> 1000
RAI WAY S.p.A.;Ponte;Corso  SEMPIONE, 27;<= 7
RAI WAY S.p.A.;Ponte;Corso  SEMPIONE, 27;<= 7
RAI WAY S.p.A.;Ponte;Corso  SEMPIONE, 27;<= 7
RAI WAY S.p.A.;Ponte;Corso  SEMPIONE, 27;<= 7
RAI WAY S.p.A.;Ponte;Corso  SEMPIONE, 27;<= 7
RAI WAY S.p.A.;Ponte;Corso  SEMPIONE, 27;<= 7
RAI WAY S.p.A.;Ponte;Corso  SEMPIONE, 27;<= 7
RAI WAY S.p.A.;Ponte;Corso  SEMPIONE, 27;<= 7
RAI WAY S.p.A.;Radiofonia;Corso  SEMPIONE, 27;> 300 e <= 1000
RAI WAY S.p.A.;Ponte;Corso  SEMPIONE, 27;<= 7
RAI WAY S.p.A.;Ponte;Corso  SEMPIONE, 27;<= 7
RAI WAY S.p.A.;Ponte;Corso  SEMPIONE, 27;<= 7
RAI WAY S.p.A.;Ponte;Corso  SEMPIONE, 27;<= 7
RAI WAY S.p.A.;Radiofonia;Corso  SEMPIONE, 27;> 1000
RAI WAY S.p.A.;Televisione;Corso  SEMPIONE, 27;<= 7
RAI WAY S.p.A.;Ponte;Corso  SEMPIONE, 27;<= 7
RAI WAY S.p.A.;Ponte;Corso  SEMPIONE, 27;<= 7
RAI WAY S.p.A.;Ponte;Corso  SEMPIONE, 27;<= 7
RAI WAY S.p.A.;Ponte;Corso  SEMPIONE, 27;<= 7
RAI WAY S.p.A.;Ponte;Corso  SEMPIONE, 27;<= 7
RAI WAY S.p.A.;Ponte;Corso  SEMPIONE, 27;<= 7
RAI WAY S.p.A.;Ponte;Corso  SEMPIONE, 27;<= 7
RAI WAY S.p.A.;Ponte;Corso  SEMPIONE, 27;<= 7
RAI WAY S.p.A.;Ponte;Corso  SEMPIONE, 27;<= 7
RAI WAY S.p.A.;Ponte;Corso  SEMPIONE, 27;<= 7
RAI WAY S.p.A.;Ponte;Corso  SEMPIONE, 27;<= 7
RAI WAY S.p.A.;Ponte;Corso  SEMPIONE, 27;<= 7
RAI WAY S.p.A.;Ponte;Corso  SEMPIONE, 27;<= 7
RAI WAY S.p.A.;Ponte;Corso  SEMPIONE, 27;<= 7
RAI WAY S.p.A.;Ponte;Corso  SEMPIONE, 27;<= 7
RAI WAY S.p.A.;Ponte;Corso  SEMPIONE, 27;<= 7
RAI WAY S.p.A.;Ponte;Corso  SEMPIONE, 27;<= 7
RAI WAY S.p.A.;Ponte;Corso  SEMPIONE, 27;<= 7
RAI WAY S.p.A.;Ponte;Corso  SEMPIONE, 27;<= 7
RAI WAY S.p.A.;Ponte;Corso  SEMPIONE, 27;<= 7
RAI WAY S.p.A.;Ponte;Corso  SEMPIONE, 27;<= 7
RAI WAY S.p.A.;Ponte;Via  SOLFERINO, 22;<= 7
RAI WAY S.p.A.;Ponte;Piazza  CARBONARI, 3;<= 7
RAI WAY S.p.A.;Ponte;Via  SOLFERINO, 22;<= 7
RAI WAY S.p.A.;Ponte;Via  FILZI, 22;<= 7
RAI WAY S.p.A.;Ponte;Via  FILZI, 22;<= 7
RAI WAY S.p.A.;Ponte;Corso  SEMPIONE, 27;<= 7
RAI WAY S.p.A.;Ponte;Corso  SEMPIONE, 27;<= 7
RAI WAY S.p.A.;Ponte;Corso  SEMPIONE, 27;<= 7
RAI WAY S.p.A.;Ponte;Corso  SEMPIONE, 27;<= 7
RAI WAY S.p.A.;Ponte;Corso  SEMPIONE, 27;<= 7
RAI WAY S.p.A.;Ponte;Corso  SEMPIONE, 27;<= 7
RAI WAY S.p.A.;Ponte;Corso  SEMPIONE, 27;<= 7
RAI WAY S.p.A.;Ponte;Corso  SEMPIONE, 27;<= 7
RAI WAY S.p.A.;Ponte;Corso  SEMPIONE, 27;<= 7
RAI WAY S.p.A.;Ponte;Corso  SEMPIONE, 27;<= 7
RAI WAY S.p.A.;Ponte;Corso  SEMPIONE, 27;<= 7
RAI WAY S.p.A.;Ponte;Corso  SEMPIONE, 27;<= 7
RAI WAY S.p.A.;Ponte;Via  DERUTA,;<= 7
RAI WAY S.p.A.;Ponte;Via  DERUTA,;<= 7
RAI WAY S.p.A.;Ponte;Corso  SEMPIONE, 27;<= 7
RAI WAY S.p.A.;Ponte;Corso  SEMPIONE, 27;<= 7
RAI WAY S.p.A.;Ponte;Corso  SEMPIONE, 27;<= 7
RAI WAY S.p.A.;Ponte;Corso  SEMPIONE, 27;<= 7
RAI WAY S.p.A.;Ponte;Corso  SEMPIONE, 27;<= 7
RAI WAY S.p.A.;Ponte;Corso  SEMPIONE, 27;<= 7
RAI WAY S.p.A.;Ponte;Corso  SEMPIONE, 27;<= 7
RAI WAY S.p.A.;Ponte;Corso  SEMPIONE, 27;<= 7
RAI WAY S.p.A.;Ponte;Corso  SEMPIONE, 27;<= 7
RAI WAY S.p.A.;Ponte;Corso  SEMPIONE, 27;<= 7
RAI WAY S.p.A.;Ponte;Corso  SEMPIONE, 27;<= 7
RAI WAY S.p.A.;Ponte;Corso  SEMPIONE, 27;<= 7
RAI WAY S.p.A.;Ponte;Corso  SEMPIONE, 27;<= 7
RAI WAY S.p.A.;Ponte;Corso  SEMPIONE, 27;<= 7
RAI WAY S.p.A.;Ponte;Corso  SEMPIONE, 27;<= 7
RAI WAY S.p.A.;Ponte;Corso  SEMPIONE, 27;<= 7
RAI WAY S.p.A.;Ponte;Corso  SEMPIONE, 27;<= 7
RETE A S.p.A.;Ponte;Via  NERVESA, 21;> 7 e <= 20
RFI - RFI Rete Ferroviaria Italiana S.p.A.;Telefonia;Sito  STAZIONE FERROVIARIA;> 7 e <= 20
RFI - RFI Rete Ferroviaria Italiana S.p.A.;Telefonia;Sito  STAZIONE FERROVIARIA DI MILANO CENTRALE;> 7 e <= 21
RFI - RFI Rete Ferroviaria Italiana S.p.A.;Telefonia;Sito  STAZIONE FERROVIARIA           ;> 20 e <= 300
RFI - RFI Rete Ferroviaria Italiana S.p.A.;Telefonia;Sito  STAZIONE FERROVIARIA DI MILANO PORTA ROMANA;> 20 e <= 300
RFI - RFI Rete Ferroviaria Italiana S.p.A.;Telefonia;Sito  STAZIONE FERROVIARIA           ;> 20 e <= 300
RFI - RFI Rete Ferroviaria Italiana S.p.A.;Telefonia;Sito  STAZIONE FERROVIARIA DI MILANO LAMBRATE;> 20 e <= 300
RFI - RFI Rete Ferroviaria Italiana S.p.A.;Telefonia;Sito  STAZIONE FERROVIARIA            ;> 20 e <= 300
RFI - RFI Rete Ferroviaria Italiana S.p.A.;Telefonia;Sito  STAZIONE FERROVIARIA GRECO PIRELLI;> 20 e <= 300
RFI - RFI Rete Ferroviaria Italiana S.p.A.;Telefonia;Sito  STAZIONE FERROVIARIA         ;> 20 e <= 300
RFI - RFI Rete Ferroviaria Italiana S.p.A.;Telefonia;Sito  STAZIONE FERROVIARIA MILANO CERTOSA;> 20 e <= 300
RFI - RFI Rete Ferroviaria Italiana S.p.A.;Telefonia;Sito  LINEA FERROVIARIA ;> 7 e <= 20
RFI - RFI Rete Ferroviaria Italiana S.p.A.;Telefonia;Sito  STAZIONE FERROVIARIA MILANO CERTOSA;> 20 e <= 300
RFI - RFI Rete Ferroviaria Italiana S.p.A.;Telefonia;Sito  STAZIONE FERROVIARIA;> 20 e <= 300
RFI - RFI Rete Ferroviaria Italiana S.p.A.;Ponte;Viale  dei PIOPPI,;<= 7
RMC 2 S.r.l.;Radiofonia;Via  TURATI, 29;> 1000
Rtl 102.5 Hit Radio S.r.l.;Radiofonia;Via  VAL DEVERO, 19;> 1000
SEDIV S.p.A.;Televisione;Via  CASATI, 45;> 20 e <= 300
TBNE S.r.l. (Trinity Broadcasting Network of Europe);Televisione;Via  TURATI, 29;> 300 e <= 1000
TECNINVEST S.r.l.;Radiofonia;Via  CASATI, 45;> 300 e <= 1000
Telecom Italia S.p.A.;Microcella;Via  CARDUCCI,;<= 7
Telecom Italia S.p.A.;Microcella;Via  SANTO SPIRITO, 20;<= 7
Telecom Italia S.p.A.;Telefonia;Via  Romagnoli, 6;> 300 e <= 1000
Telecom Italia S.p.A.;Microcella;Piazza  della REPUBBLICA, 20;<= 7
Telecom Italia S.p.A.;Telefonia;Via  MORESCHI,;> 20 e <= 300
Telecom Italia S.p.A.;Microcella;Piazza  Affari, 2;<= 7
Telecom Italia S.p.A.;Microcella;Viale  dei PIOPPI,;<= 7
Telecom Italia S.p.A.;Microcella;Via  PONTI ANDREA, 8;<= 7
Telecom Italia S.p.A.;Telefonia;Via  GIUSTI, 16;> 20 e <= 300
Telecom Italia S.p.A.;Microcella;Corso  MATTEOTTI GIACOMO,;> 7 e <= 20
Telecom Italia S.p.A.;Microcella;Corso  VITTORIO EMANUELE II,;> 7 e <= 20
Telecom Italia S.p.A.;Microcella;Via  RONTGEN, 1;<= 7
Telecom Italia S.p.A.;Microcella;Via  RIZZOLI, 8;> 7 e <= 20
Telecom Italia S.p.A.;Microcella;Piazza  DIAZ,;<= 7
Telecom Italia S.p.A.;Telefonia;Via  MARIGNANO, 29;> 300 e <= 1000
Telecom Italia S.p.A.;Microcella;Viale  Gabriele D'Annunzio, 25;<= 7
Telecom Italia S.p.A.;Microcella;Piazza  XXIV MAGGIO, 4;<= 7
Telecom Italia S.p.A.;Ponte;Via  CARBONERA,;<= 7
Telecom Italia S.p.A.;Microcella;Via  FILODRAMMATICI, 2;<= 7
Telecom Italia S.p.A.;Microcella;Via  GIOTTO, 36;<= 7
Telecom Italia S.p.A.;Telefonia;Via  Belgioioso,;> 20 e <= 300
Telecom Italia S.p.A.;Microcella;Piazza  MENTANA,;<= 7
Telecom Italia S.p.A.;Telefonia;Via  San Tomaso, 8;> 20 e <= 300
Telecom Italia S.p.A.;Telefonia;Via  IMBONATI, 18;> 300 e <= 1000
Telecom Italia S.p.A.;Telefonia;Piazza  VIII NOVEMBRE , 3;> 20 e <= 300
Telecom Italia S.p.A.;Telefonia;Via  GIOVANNI BATTISTA CAS;> 20 e <= 300
Telecom Italia S.p.A.;Telefonia;Viale  PIAVE, 22;> 20 e <= 300
Telecom Italia S.p.A.;Telefonia;Via  Chiodi,;> 20 e <= 300
Telecom Italia S.p.A.;Microcella;Via  Federico TESIO,;> 7 e <= 20
Telecom Italia S.p.A.;Microcella;Via  BELLINCIONE,;<= 7
Telecom Italia S.p.A.;Microcella;Via  NOVARA ANG. V. PINEROLO,;<= 7
Telecom Italia S.p.A.;Microcella;Via  VITRUVIO, 32;<= 7
Telecom Italia S.p.A.;Microcella;Via  DE AMICIS, 61;<= 7
Telecom Italia S.p.A.;Microcella;Via  MECENATE, 79;<= 7
Telecom Italia S.p.A.;Microcella;Largo  CAIROLI,;<= 7
Telecom Italia S.p.A.;Microcella;Via  CARDINALE MEZZOFANTI;<= 7
Telecom Italia S.p.A.;Microcella;Via  PELLEGRINO ROSSI, 46;<= 7
Telecom Italia S.p.A.;Telefonia;Via  CEFALU', 24;> 20 e <= 300
Telecom Italia S.p.A.;Telefonia;Via  STOPPANI, 33;> 20 e <= 300
Telecom Italia S.p.A.;Telefonia;Via  FERRARI, 12;> 20 e <= 300
Telecom Italia S.p.A.;Telefonia;Via  Amedeo D'AOSTA, 11;> 20 e <= 300
Telecom Italia S.p.A.;Telefonia;Viale  Beatrice D'ESTE, 15;> 20 e <= 300
Telecom Italia S.p.A.;Telefonia;Via  MARTIRI OSCURI, 16;> 300 e <= 1000
Telecom Italia S.p.A.;Telefonia;Viale  FORLANINI ENRICO, 65;> 20 e <= 300
Telecom Italia S.p.A.;Telefonia;Via  TOTI Enrico, 2;> 20 e <= 300
Telecom Italia S.p.A.;Microcella;Largo  DOMODOSSOLA,;> 20 e <= 300
Telecom Italia S.p.A.;Telefonia;Via  GRASSI, 23;> 300 e <= 1000
Telecom Italia S.p.A.;Telefonia;Piazza  INSUBRIA, 22;> 20 e <= 300
Telecom Italia S.p.A.;Telefonia;Via  ARIOSTO, 30;> 20 e <= 300
Telecom Italia S.p.A.;Telefonia;Via  DON MINZONI, 3;> 20 e <= 300
Telecom Italia S.p.A.;Telefonia;Via  Fontanili, 26;> 300 e <= 1000
Telecom Italia S.p.A.;Telefonia;Via  Alemagna, 6;> 20 e <= 300
Telecom Italia S.p.A.;Telefonia;Via  Bellarmino, 1;> 300 e <= 1000
Telecom Italia S.p.A.;Telefonia;Via  RAVIZZA, 12;> 20 e <= 300
Telecom Italia S.p.A.;Telefonia;Via  Traiano, 13;> 300 e <= 1000
Telecom Italia S.p.A.;Telefonia;Via  PICCOLOMINI, 16;> 20 e <= 300
Telecom Italia S.p.A.;Telefonia;Via  Brera, 32;> 300 e <= 1000
Telecom Italia S.p.A.;Telefonia;Via  MOZZONI ANNAMARIA, 1;> 20 e <= 300
Telecom Italia S.p.A.;Telefonia;Via  Bartolomeo D'ALVIANO, 73;> 20 e <= 300
Telecom Italia S.p.A.;Telefonia;Via  Breda,;> 300 e <= 1000
Telecom Italia S.p.A.;Telefonia;Via  PARAVIA, 2;> 20 e <= 300
Telecom Italia S.p.A.;Telefonia;Via  BALLA, 2;> 20 e <= 300
Telecom Italia S.p.A.;Telefonia;Largo  DOMODOSSOLA, 16;> 20 e <= 300
Telecom Italia S.p.A.;Telefonia;Via  CHIASSERINI, 5;> 20 e <= 300
Telecom Italia S.p.A.;Telefonia;Via  MOMIGLIANO, 2;> 20 e <= 300
Telecom Italia S.p.A.;Microcella;Via  VARESINA,;<= 7
Telecom Italia S.p.A.;Microcella;Via  DELLA MOSCOVA, 47;> 7 e <= 20
Telecom Italia S.p.A.;Microcella;Piazza  DUCA D' AOSTA, 9;<= 7
Telecom Italia S.p.A.;Microcella;Via  GAETANO DE CASTILLA, 6;> 7 e <= 20
Telecom Italia S.p.A.;Telefonia;Via  SRAFFA,;> 20 e <= 300
Telecom Italia S.p.A.;Microcella;Via  TORINO,;<= 7
Telecom Italia S.p.A.;Telefonia;Via  FRATELLI RUFFINI, 5;> 20 e <= 300
Telecom Italia S.p.A.;Telefonia;Via  SARDEGNA, 37;> 300 e <= 1000
Telecom Italia S.p.A.;Telefonia;Corso  SAN GOTTARDO, 39;> 20 e <= 300
Telecom Italia S.p.A.;Telefonia;Via  SCANINI, 27;> 20 e <= 300
Telecom Italia S.p.A.;Telefonia;Via  PORDENONE, 8;> 300 e <= 1000
Telecom Italia S.p.A.;Telefonia;Via  FUMAGALLI, 4;> 20 e <= 300
Telecom Italia S.p.A.;Telefonia;Via  MERULA, 5;> 20 e <= 300
Telecom Italia S.p.A.;Telefonia;Via  CEVEDALE, 5;> 20 e <= 300
Telecom Italia S.p.A.;Telefonia;Via  PORRO LAMBERTENGHI,;> 300 e <= 1000
Telecom Italia S.p.A.;Telefonia;Via  SPADOLINI, 9;> 20 e <= 300
Telecom Italia S.p.A.;Telefonia;Via  ERITREA, 27;> 300 e <= 1000
Telecom Italia S.p.A.;Telefonia;Piazza  GRANDI, 18;> 20 e <= 300
Telecom Italia S.p.A.;Telefonia;Via  SOTTOCORNO, 7;> 20 e <= 300
Telecom Italia S.p.A.;Telefonia;Via  CAPRILLI,;> 20 e <= 300
Telecom Italia S.p.A.;Telefonia;Via  MARIO ALBERTO, 19;> 20 e <= 300
Telecom Italia S.p.A.;Telefonia;Via  POMPONAZZI, 7;> 20 e <= 300
Telecom Italia S.p.A.;Telefonia;Via privata  BIVONA,;> 300 e <= 1000
Telecom Italia S.p.A.;Telefonia;Via  FRASCHINI, 10;> 300 e <= 1000
Telecom Italia S.p.A.;Telefonia;Via  ARISTOTELE, 22;> 300 e <= 1000
Telecom Italia S.p.A.;Telefonia;Via  COSTA ANDREA, 33;> 20 e <= 300
Telecom Italia S.p.A.;Microcella;Via  CENISIO, 43;<= 7
Telecom Italia S.p.A.;Microcella;Piazza  DIAZ,;<= 7
Telecom Italia S.p.A.;Microcella;Viale  BRIANZA, 35;<= 7
Telecom Italia S.p.A.;Microcella;Largo  DOMODOSSOLA, 1;> 20 e <= 300
Telecom Italia S.p.A.;Microcella;Largo  MATTIOLI, 1;<= 7
Telecom Italia S.p.A.;Microcella;Via  MONTI, 41;<= 7
Telecom Italia S.p.A.;Telefonia;Via  MONTE PIANA, 7;> 300 e <= 1000
Telecom Italia S.p.A.;Telefonia;Via  FOLLI, 17;> 300 e <= 1000
Telecom Italia S.p.A.;Telefonia;Viale  SUZZANI, 119;> 300 e <= 1000
Telecom Italia S.p.A.;Telefonia;Via  dei CICLAMINI, 38;> 300 e <= 1000
Telecom Italia S.p.A.;Telefonia;Viale  Monte Ceneri, 68;> 300 e <= 1000
Telecom Italia S.p.A.;Telefonia;Via  Hoepli, 6;> 300 e <= 1000
Telecom Italia S.p.A.;Telefonia;Via  BIGLI, 5;> 20 e <= 300
Telecom Italia S.p.A.;Microcella;Via  Montenapoleone, 13;<= 7
Telecom Italia S.p.A.;Microcella;Corso  Sempione, 73;> 7 e <= 20
Telecom Italia S.p.A.;Microcella;Via  RIPAMONTI, 435;<= 7
Telecom Italia S.p.A.;Telefonia;Via  MANTEGNA, 11;> 300 e <= 1000
Telecom Italia S.p.A.;Microcella;Corso  SAN GOTTARDO,;<= 7
Telecom Italia S.p.A.;Telefonia;Via  Piero e Alberto Pirelli, 21;> 20 e <= 300
Telecom Italia S.p.A.;Telefonia;Viale  MURILLO, 9;> 20 e <= 300
Telecom Italia S.p.A.;Telefonia;Strada  BRUSADA/via Cascina;> 300 e <= 1000
Telecom Italia S.p.A.;Telefonia;Via  DERNA, 15;> 20 e <= 300
Telecom Italia S.p.A.;Telefonia;Via  LIBERO TEMOLO, 4;> 20 e <= 300
Telecom Italia S.p.A.;Telefonia;Via  ANDO', 2;> 20 e <= 300
Telecom Italia S.p.A.;Telefonia;Via  SPARTACO, 4;> 20 e <= 300
Telecom Italia S.p.A.;Telefonia;Via  CASCINA BELLARIA, 4;> 300 e <= 1000
Telecom Italia S.p.A.;Telefonia;Viale  STELVIO, 15;> 20 e <= 300
Telecom Italia S.p.A.;Telefonia;Via  VILLANI, 1;> 300 e <= 1000
Telecom Italia S.p.A.;Telefonia;Via  COMPAGNONI, 64;> 300 e <= 1000
Telecom Italia S.p.A.;Telefonia;Via  VASARI, 19;> 20 e <= 300
Telecom Italia S.p.A.;Telefonia;Via  CASSIODORO, 28;> 20 e <= 300
Telecom Italia S.p.A.;Telefonia;Via  ROVIGO, 14;> 300 e <= 1000
Telecom Italia S.p.A.;Telefonia;Via  GUASTALLA, 1;> 20 e <= 300
Telecom Italia S.p.A.;Telefonia;Via  Giovanni da Udine, 34;> 20 e <= 300
Telecom Italia S.p.A.;Telefonia;Via  PISMONTE, 2;> 20 e <= 300
Telecom Italia S.p.A.;Telefonia;Via  SANGIORGIO ABBONDIO, 16;> 20 e <= 300
Telecom Italia S.p.A.;Telefonia;Via  GABBA, 3;> 20 e <= 300
Telecom Italia S.p.A.;Telefonia;Via  PARINI, 6;> 300 e <= 1000
Telecom Italia S.p.A.;Telefonia;Via  BONFADINI, 90;> 300 e <= 1000
Telecom Italia S.p.A.;Telefonia;Via  BELFIORE, 13;> 300 e <= 1000
Telecom Italia S.p.A.;Telefonia;Via  REDI, 17;> 20 e <= 300
Telecom Italia S.p.A.;Telefonia;Via  GIACOSA, 19/Marco Aureli;> 300 e <= 1000
Telecom Italia S.p.A.;Telefonia;Piazza  degli AFFARI, 2;> 20 e <= 300
Telecom Italia S.p.A.;Telefonia;Via  SANTA MARIA SEGRETA, 3;> 20 e <= 300
Telecom Italia S.p.A.;Microcella;Via  Alberto DA GIUSSANO,;<= 7
Telecom Italia S.p.A.;Telefonia;Viale  BRENTA, 10;> 300 e <= 1000
Telecom Italia S.p.A.;Telefonia;Via  FLAVIO GIOIA , 2;> 20 e <= 300
Telecom Italia S.p.A.;Telefonia;Via  CORNAGGIA, 10;> 20 e <= 300
Telecom Italia S.p.A.;Telefonia;Via  CAPODISTRIA, 6;> 300 e <= 1000
Telecom Italia S.p.A.;Telefonia;Piazza  ZAVATTARI, 12;> 300 e <= 1000
Telecom Italia S.p.A.;Telefonia;Piazzale  CADORNA, 16;> 300 e <= 1000
Telecom Italia S.p.A.;Telefonia;Via  SESSA, 8;> 20 e <= 300
Telecom Italia S.p.A.;Telefonia;Via  SAND, 28;> 300 e <= 1000
Telecom Italia S.p.A.;Telefonia;Piazza  Cavour, 2;> 300 e <= 1000
Telecom Italia S.p.A.;Microcella;Piazza  REPUBBLICA, 13;<= 7
Telecom Italia S.p.A.;Telefonia;Via  della BOSCAIOLA, 26;> 300 e <= 1000
Telecom Italia S.p.A.;Telefonia;Largo  TREVES, 1;> 20 e <= 300
Telecom Italia S.p.A.;Microcella;Viale  CALDARA,;<= 7
Telecom Italia S.p.A.;Microcella;Foro  BUONAPARTE,;<= 7
Telecom Italia S.p.A.;Microcella;Piazza  CORDUSIO,;<= 7
Telecom Italia S.p.A.;Microcella;Via  SANTA SOFIA,;<= 7
Telecom Italia S.p.A.;Telefonia;Viale  MONZA, 1;> 20 e <= 300
Telecom Italia S.p.A.;Telefonia;Via  VICO, 1;> 300 e <= 1000
Telecom Italia S.p.A.;Telefonia;Via  WASHINGTON, 70;> 20 e <= 300
Telecom Italia S.p.A.;Telefonia;Corso  DI PORTA VITTORIA / C;> 20 e <= 300
Telecom Italia S.p.A.;Telefonia;Via  Lombroso, 54;> 300 e <= 1000
Telecom Italia S.p.A.;Telefonia;Via  LARGA, 6;> 20 e <= 300
Telecom Italia S.p.A.;Telefonia;Via  dell'AVIAZIONE, 62;> 300 e <= 1000
Telecom Italia S.p.A.;Telefonia;Via  Cernaia, 8;> 300 e <= 1000
Telecom Italia S.p.A.;Telefonia;Via  PICCOLOMINI, 5;> 20 e <= 300
Telecom Italia S.p.A.;Telefonia;Viale  MONZA, 270;> 20 e <= 300
Telecom Italia S.p.A.;Telefonia;Via  Torriani, 31;> 300 e <= 1000
Telecom Italia S.p.A.;Telefonia;Via  PALAZZI, 2;> 20 e <= 300
Telecom Italia S.p.A.;Telefonia;Via  del LAURO, 5-7;> 300 e <= 1000
Telecom Italia S.p.A.;Microcella;Corso  Garibaldi, 99;<= 7
Telecom Italia S.p.A.;Microcella;Via  AMORETTI,;<= 7
Telecom Italia S.p.A.;Microcella;Largo  GREPPI,;<= 7
Telecom Italia S.p.A.;Microcella;Largo  USUELLI,;<= 7
Telecom Italia S.p.A.;Telefonia;Corso  LODI, 59;> 20 e <= 300
Telecom Italia S.p.A.;Microcella;Piazza  San Babila,;<= 7
Telecom Italia S.p.A.;Telefonia;Via  Valtellina, 63;> 20 e <= 300
Telecom Italia S.p.A.;Microcella;Via  BOCCONI, 8;> 7 e <= 20
Telecom Italia S.p.A.;Telefonia;Via  Lodovico Necchi, 7;> 20 e <= 300
Telecom Italia S.p.A.;Microcella;Via  Monte di Pietà, 8;<= 7
Telecom Italia S.p.A.;Microcella;Ripa  DI PORTA TICINESE, 19;<= 7
Telecom Italia S.p.A.;Telefonia;Via  Inganni, 11;> 20 e <= 300
Telecom Italia S.p.A.;Microcella;Via  San Gottardo, 9;<= 7
Telecom Italia S.p.A.;Telefonia;Via  Antonio Mosca,;> 300 e <= 1000
Telecom Italia S.p.A.;Microcella;Via  GONIN, 36;<= 7
Telecom Italia S.p.A.;Telefonia;Via  TABACCHI, 56;> 20 e <= 300
Telecom Italia S.p.A.;Telefonia;Via  ZAROTTO, 8;> 300 e <= 1000
Telecom Italia S.p.A.;Telefonia;Largo  DOMODOSSOLA, 1;> 20 e <= 300
Telecom Italia S.p.A.;Telefonia;Largo  DOMODOSSOLA, 1;<= 7
Telecom Italia S.p.A.;Telefonia;Largo  DOMODOSSOLA, 1;<= 7
Telecom Italia S.p.A.;Telefonia;Via   GOVONE, 44;> 20 e <= 300
Telecom Italia S.p.A.;Telefonia;Piazza  LAGOSTA, 4;> 20 e <= 300
Telecom Italia S.p.A.;Microcella;Corso  BUENOS AIRES, 61;<= 7
Telecom Italia S.p.A.;Telefonia;Via  VERDI, 2;> 300 e <= 1000
Telecom Italia S.p.A.;Microcella;Via  PIRELLI, 9;<= 7
Telecom Italia S.p.A.;Microcella;Largo  D'ANCONA,;<= 7
Telecom Italia S.p.A.;Microcella;Via  SARPI, 38;<= 7
Telecom Italia S.p.A.;Telefonia;Largo  Rodari, 2;> 20 e <= 300
Telecom Italia S.p.A.;Telefonia;Via  MELCHIORRE GIOIA, 168;> 20 e <= 300
Telecom Italia S.p.A.;Microcella;Viale  ARETUSA,;<= 7
Telecom Italia S.p.A.;Microcella;Corso  BUENOS AIRES, 3;<= 7
Telecom Italia S.p.A.;Microcella;Via  AMADEO, 39;<= 7
Telecom Italia S.p.A.;Microcella;Via  SAN BARNABA, 39;> 20 e <= 300
Telecom Italia S.p.A.;Telefonia;Via  CASTELMORRONE, 1;> 300 e <= 1000
Telecom Italia S.p.A.;Telefonia;Via  FOPPA, 4;> 20 e <= 300
Telecom Italia S.p.A.;Microcella;Via  SACCHINI, 1;<= 7
Telecom Italia S.p.A.;Microcella;Via  LUNIGIANA, 8;<= 7
Telecom Italia S.p.A.;Microcella;Piazza  CAIAZZO, 3;<= 7
Telecom Italia S.p.A.;Microcella;Via  GRAZIANO IMPERATORE,;<= 7
Telecom Italia S.p.A.;Microcella;Via  SABOTINO, 28;<= 7
Telecom Italia S.p.A.;Telefonia;Via  ASIAGO, 46;> 20 e <= 300
Telecom Italia S.p.A.;Microcella;Via  PORPORA, 150;<= 7
Telecom Italia S.p.A.;Microcella;Piazza  DUOMO,;<= 7
Telecom Italia S.p.A.;Microcella;Via  FIORI CHIARI,;<= 7
Telecom Italia S.p.A.;Microcella;Via  QUARENGHI, 23;<= 7
Telecom Italia S.p.A.;Microcella;Via  MARGHERA, 24;<= 7
Telecom Italia S.p.A.;Telefonia;Via  MOLINETTO, 59;> 300 e <= 1000
Telecom Italia S.p.A.;Microcella;Via  SILVA, 36;<= 7
Telecom Italia S.p.A.;Microcella;Viale  BEZZI, 81;<= 7
Telecom Italia S.p.A.;Telefonia;Piazzale  GORINI, 18;> 20 e <= 300
Telecom Italia S.p.A.;Telefonia;Via  PORRETTA, 50;> 1000
Telecom Italia S.p.A.;Microcella;Via  dell'INNOVAZIONE,;<= 7
Telecom Italia S.p.A.;Microcella;Piazza  NAPOLI, 25;<= 7
Telecom Italia S.p.A.;Microcella;Via  PANTANO, 9;<= 7
Telecom Italia S.p.A.;Microcella;Via  GRACCHI, 35;<= 7
Telecom Italia S.p.A.;Microcella;Via  SARFATTI, 25;<= 7
Telecom Italia S.p.A.;Telefonia;Via  MERCATO, 1;> 20 e <= 300
Telecom Italia S.p.A.;Telefonia;Via  LUSSU EMILIO, 6;> 20 e <= 300
Telecom Italia S.p.A.;Telefonia;Via  PICCINNI, 5;> 20 e <= 300
Telecom Italia S.p.A.;Telefonia;Via  BRUNELLESCHI, 12;> 300 e <= 1000
Telecom Italia S.p.A.;Microcella;Via  PIAVE, 38;<= 7
Telecom Italia S.p.A.;Microcella;Via  BACCELLI, 2;<= 7
Telecom Italia S.p.A.;Telefonia;Via  TRASIMENO, 9;> 20 e <= 300
Telecom Italia S.p.A.;Telefonia;Via  QUINTILIANO, 5;> 20 e <= 300
Telecom Italia S.p.A.;Microcella;Via  SENIGALLIA,;<= 7
Telecom Italia S.p.A.;Telefonia;Via  Vallazze, 78;> 20 e <= 300
Telecom Italia S.p.A.;Microcella;Via  ORNATO, 44;<= 7
Telecom Italia S.p.A.;Telefonia;Viale  ISONZO, 10;> 20 e <= 300
Telecom Italia S.p.A.;Telefonia;Piazza  FIRENZE, 6;> 20 e <= 300
Telecom Italia S.p.A.;Telefonia;Via  WATT, 27;> 300 e <= 1000
Telecom Italia S.p.A.;Microcella;Viale  ABRUZZI, 82;<= 7
Telecom Italia S.p.A.;Microcella;Via  CENISIO, 61;<= 7
Telecom Italia S.p.A.;Telefonia;Viale  LEGIONI ROMANE, 43;> 20 e <= 300
Telecom Italia S.p.A.;Telefonia;Via  TAZZOLI, 6;> 20 e <= 300
Telecom Italia S.p.A.;Telefonia;Via  RIPAMONTI, 586;> 20 e <= 300
Telecom Italia S.p.A.;Telefonia;Via  BASSINI, 35;> 20 e <= 300
Telecom Italia S.p.A.;Microcella;Via  degli IMBRIANI, 27;<= 7
Telecom Italia S.p.A.;Telefonia;Via  LITTA MODIGNANI, 108;> 20 e <= 300
Telecom Italia S.p.A.;Telefonia;Via  PEDRONI, 15;> 300 e <= 1000
Telecom Italia S.p.A.;Microcella;Via  ORNATO, 118;<= 7
Telecom Italia S.p.A.;Telefonia;Viale  MONZA, 259;> 300 e <= 1000
Telecom Italia S.p.A.;Microcella;Galleria  VITTORIO EMANUELE;<= 7
Telecom Italia S.p.A.;Telefonia;Viale  CA' GRANDA, 2;> 300 e <= 1000
Telecom Italia S.p.A.;Microcella;Corso  EUROPA, 18;<= 7
Telecom Italia S.p.A.;Microcella;Via  degli IMBRIANI, 40;<= 7
Telecom Italia S.p.A.;Microcella;Via  BIGLI,;<= 7
Telecom Italia S.p.A.;Telefonia;Via  RIPAMONTI, 89;> 300 e <= 1000
Telecom Italia S.p.A.;Telefonia;Via  SPEZIA, 1;> 20 e <= 300
Telecom Italia S.p.A.;Telefonia;Via  FORCELLA VINCENZO, 3;> 20 e <= 300
Telecom Italia S.p.A.;Telefonia;Viale  CASSALA, 22;> 300 e <= 1000
Telecom Italia S.p.A.;Telefonia;Via  VITTORINI, 32;> 300 e <= 1000
Telecom Italia S.p.A.;Microcella;Via  delle FORZE ARMATE, 328;<= 7
Telecom Italia S.p.A.;Microcella;Via  COSSERIA, 1;<= 7
Telecom Italia S.p.A.;Telefonia;Via  SAPETO, 1;> 300 e <= 1000
Telecom Italia S.p.A.;Microcella;Corso  VERCELLI, 27;<= 7
Telecom Italia S.p.A.;Microcella;Via  BAROZZI, 1;<= 7
Telecom Italia S.p.A.;Telefonia;Via  DI TOCQUEVILLE, 13;> 300 e <= 1000
Telecom Italia S.p.A.;Telefonia;Viale  FAMAGOSTA,;> 300 e <= 1000
Telecom Italia S.p.A.;Telefonia;Via  AIRAGHI, 49;> 300 e <= 1000
Telecom Italia S.p.A.;Telefonia;Via  TACITO, 14;> 20 e <= 300
Telecom Italia S.p.A.;Telefonia;Via  AMIDANI,;> 300 e <= 1000
Telecom Italia S.p.A.;Microcella;Via  ISONZO, 26;<= 7
Telecom Italia S.p.A.;Microcella;Via  LAMPEDUSA, 11;<= 7
Telecom Italia S.p.A.;Microcella;Via  IMBONATI,;<= 7
Telecom Italia S.p.A.;Microcella;Viale  MONTENERO,;<= 7
Telecom Italia S.p.A.;Microcella;Largo  AUGUSTO,;<= 7
Telecom Italia S.p.A.;Microcella;Corso  DI PORTA TICINESE, 64;> 7 e <= 20
Telecom Italia S.p.A.;Microcella;Via  TORINO,;<= 7
Telecom Italia S.p.A.;Telefonia;Viale  UMBRIA, 83;> 20 e <= 300
Telecom Italia S.p.A.;Telefonia;Corso  Sempione, 4;> 300 e <= 1000
Telecom Italia S.p.A.;Telefonia;Via  TORTONA, 33;> 300 e <= 1000
Telecom Italia S.p.A.;Microcella;Piazza  della REPUBBLICA, 17;<= 7
Telecom Italia S.p.A.;Telefonia;Via  Gazzoletti, 10;> 300 e <= 1000
Telecom Italia S.p.A.;Telefonia;Via  SAINT BON, 38;> 300 e <= 1000
Telecom Italia S.p.A.;Telefonia;Via  dei MISSAGLIA, 97;> 20 e <= 300
Telecom Italia S.p.A.;Telefonia;Via  TUCIDIDE, 56;> 300 e <= 1000
Telecom Italia S.p.A.;Telefonia;Via  Fra Galgario, 6;> 20 e <= 300
Telecom Italia S.p.A.;Telefonia;Via  PALMANOVA, 49;> 20 e <= 300
Telecom Italia S.p.A.;Microcella;Via  CAMBI, 1;<= 7
Telecom Italia S.p.A.;Telefonia;Viale  ZARA, 126;> 300 e <= 1000
Telecom Italia S.p.A.;Microcella;Corso  DI PORTA TICINESE, 83;<= 7
Telecom Italia S.p.A.;Telefonia;Via  VAL FORMAZZA, 6;> 20 e <= 300
Telecom Italia S.p.A.;Telefonia;Corso  VITTORIO EMANUELE II, 9;> 20 e <= 300
Telecom Italia S.p.A.;Telefonia;Via  BUTTI Enrico, 9;> 20 e <= 300
Telecom Italia S.p.A.;Telefonia;Via  PARMIGIANINO, 19;> 20 e <= 300
Telecom Italia S.p.A.;Microcella;Largo  DOMODOSSOLA, 1;> 7 e <= 20
Telecom Italia S.p.A.;Telefonia;Via  PICCOLOMINI, 5;> 20 e <= 300
Telecom Italia S.p.A.;Telefonia;Via  PADOVA,;> 300 e <= 1000
Telecom Italia S.p.A.;Microcella;Largo  DOMODOSSOLA, 1;<= 7
Telecom Italia S.p.A.;Telefonia;Largo  DOMODOSSOLA, 1;> 20 e <= 300
Telecom Italia S.p.A.;Telefonia;Via  dei VALTORTA, 48;> 300 e <= 1000
Telecom Italia S.p.A.;Telefonia;Viale  FULVIO TESTI, 282;> 300 e <= 1000
Telecom Italia S.p.A.;Telefonia;Via  GIAMBELLINO, 7;> 20 e <= 300
Telecom Italia S.p.A.;Telefonia;Piazzale  SELINUNTE, 11;> 20 e <= 300
Telecom Italia S.p.A.;Telefonia;Via  Medici, 2;> 300 e <= 1000
Telecom Italia S.p.A.;Telefonia;Via  PICCOLOMINI, 5;> 20 e <= 300
Telecom Italia S.p.A.;Telefonia;Via  PICCOLOMINI, 5;> 20 e <= 300
Telecom Italia S.p.A.;Telefonia;Via  Santo Spirito, 20;> 20 e <= 300
Telecom Italia S.p.A.;Telefonia;Via  LA MASA, 20;> 300 e <= 1000
Telecom Italia S.p.A.;Telefonia;Via  STEPHENSON, 16;> 20 e <= 300
Telecom Italia S.p.A.;Telefonia;Via  BONCOMPAGNI, 57;> 300 e <= 1000
Telecom Italia S.p.A.;Telefonia;Via  SOLARI, 8;> 20 e <= 300
Telecom Italia S.p.A.;Microcella;Via  MERAVIGLI, 12;<= 7
Telecom Italia S.p.A.;Microcella;Via  GROSSI, 1;<= 7
Telecom Italia S.p.A.;Telefonia;Via  MERCANTINI LUIGI, 2;> 20 e <= 300
Telecom Italia S.p.A.;Telefonia;Via  Jorini, 8;> 300 e <= 1000
Telecom Italia S.p.A.;Telefonia;Via  CONI ZUGNA, 50;> 20 e <= 300
Telecom Italia S.p.A.;Telefonia;Via  BOVISASCA, 57;> 20 e <= 300
Telecom Italia S.p.A.;Telefonia;Via  LAMARMORA, 27;> 20 e <= 300
Telecom Italia S.p.A.;Telefonia;Via  PATROCLO,;> 20 e <= 300
Telecom Italia S.p.A.;Telefonia;Via  PAPI, 20;> 20 e <= 300
Telecom Italia S.p.A.;Telefonia;Viale  MOLISE, 51;> 300 e <= 1000
Telecom Italia S.p.A.;Telefonia;Via  FANTOLI, 7;> 300 e <= 1000
Telecom Italia S.p.A.;Telefonia;Viale  UMBRIA, 41;> 20 e <= 300
Telecom Italia S.p.A.;Telefonia;Via  OSLAVIA, 18;> 20 e <= 300
Telecom Italia S.p.A.;Telefonia;Via  ARQUA', 20;> 20 e <= 300
Telecom Italia S.p.A.;Telefonia;Via  SANT'AMPELLIO, 16;> 20 e <= 300
Telecom Italia S.p.A.;Telefonia;Via  TEANO, 16;> 20 e <= 300
Telecom Italia S.p.A.;Telefonia;Via  Andrea DORIA, 3;> 20 e <= 300
Telecom Italia S.p.A.;Telefonia;Via  GARGANO, 51;> 300 e <= 1000
Telecom Italia S.p.A.;Telefonia;Via  BARACCHINI, 9;> 20 e <= 300
Telecom Italia S.p.A.;Telefonia;Via  BELGIOIOSO, 70;> 20 e <= 300
Telecom Italia S.p.A.;Telefonia;Via  degli IMBRIANI, 27;> 20 e <= 300
Telecom Italia S.p.A.;Telefonia;Via  CADORE, 34;> 20 e <= 300
Telecom Italia S.p.A.;Telefonia;Viale  GIAN GALEAZZO, 25;> 20 e <= 300
Telecom Italia S.p.A.;Telefonia;Via  Messina, 41;> 20 e <= 300
Telecom Italia S.p.A.;Telefonia;Via  MARIANI POMPEO, 16;> 20 e <= 300
Telecom Italia S.p.A.;Telefonia;Piazza  DERGANO, 9;> 300 e <= 1000
Telecom Italia S.p.A.;Telefonia;Viale  FAMAGOSTA, 7;> 300 e <= 1000
Telecom Italia S.p.A.;Telefonia;Via  FERRANTE APORTI, 16;> 20 e <= 300
Telecom Italia S.p.A.;Telefonia;Viale  ARGONNE, 11;> 20 e <= 300
Telecom Italia S.p.A.;Telefonia;Via  GROSIO, 3;> 20 e <= 300
Telecom Italia S.p.A.;Telefonia;Viale  LUCANIA, 29;> 300 e <= 1000
Telecom Italia S.p.A.;Telefonia;Via  BRUSCHETTI, 11;> 20 e <= 300
Telecom Italia S.p.A.;Telefonia;Via  BRISA, 7;> 20 e <= 300
Telecom Italia S.p.A.;Telefonia;Corso  ITALIA, 8;> 20 e <= 300
Telecom Italia S.p.A.;Telefonia;Via  SPADARI, 11;> 20 e <= 300
Telecom Italia S.p.A.;Telefonia;Viale  MISURATA, 34;> 20 e <= 300
Telecom Italia S.p.A.;Telefonia;Via  ROSSO DI SAN SECONDO;> 300 e <= 1000
Telecom Italia S.p.A.;Telefonia;Via  BREMBO, 27;> 20 e <= 300
Telecom Italia S.p.A.;Telefonia;Via  PALLADIO, 12;> 20 e <= 300
Telecom Italia S.p.A.;Telefonia;Via  LABUS, 3;> 300 e <= 1000
Telecom Italia S.p.A.;Telefonia;Via  BATTISTOTTI SASSI, 2;> 20 e <= 300
Telecom Italia S.p.A.;Telefonia;Via  PRINA, 1;> 20 e <= 300
Telecom Italia S.p.A.;Telefonia;Viale  ARETUSA, 33;> 20 e <= 300
Telecom Italia S.p.A.;Telefonia;Via  SCIALOIA, 3;> 20 e <= 300
Telecom Italia S.p.A.;Telefonia;Viale  BERBERA, 45;> 300 e <= 1000
Telecom Italia S.p.A.;Telefonia;Via  TOFFETTI, 125;> 300 e <= 1000
Telecom Italia S.p.A.;Telefonia;Piazzale  ARDUINO, 1;> 20 e <= 300
Telecom Italia S.p.A.;Microcella;Viale  UMBRIA, 4;> 7 e <= 20
Telecom Italia S.p.A.;Microcella;Via  GAROFALO, 39;<= 7
Telecom Italia S.p.A.;Microcella;Piazza  DUOMO,;<= 7
Telecom Italia S.p.A.;Telefonia;Via  Grossi, 1;> 20 e <= 300
Telecom Italia S.p.A.;Telefonia;Viale  CASSALA, 9;> 20 e <= 300
Telecom Italia S.p.A.;Telefonia;Via  dei PIATTI, 1;> 20 e <= 300
Telecom Italia S.p.A.;Microcella;Corso  SEMPIONE, 27;<= 7
Telecom Italia S.p.A.;Microcella;Corso  SEMPIONE, 27;<= 7
Telecom Italia S.p.A.;Microcella;Via  SANGRO,;<= 7
Telecom Italia S.p.A.;Microcella;Viale  PIRELLI, 10;<= 7
Telecom Italia S.p.A.;Telefonia;Via  SAN PAOLINO, 7;> 300 e <= 1000
Telecom Italia S.p.A.;Telefonia;Via  VISCONTI DI MODRONE, 12;> 20 e <= 300
Telecom Italia S.p.A.;Telefonia;Viale  PICENO, 14;> 20 e <= 300
Telecom Italia S.p.A.;Telefonia;Via  GRAZIANO IMPERATORE,;> 20 e <= 300
Telecom Italia S.p.A.;Telefonia;Via  FIORAVANTI, 17;> 20 e <= 300
Telecom Italia S.p.A.;Telefonia;Via  ORNATO, 74;> 20 e <= 300
Telecom Italia S.p.A.;Telefonia;Via  MOSCA, 151;> 20 e <= 300
Telecom Italia S.p.A.;Telefonia;Viale  ABRUZZI, 41;> 20 e <= 300
Telecom Italia S.p.A.;Telefonia;Via  AVANCINI, 2;> 300 e <= 1000
TELESETTELAGHI S.r.l.;Televisione;Via  STEPHENSON, 43;> 300 e <= 1000
TELESPAZIO S.p.A.;Altro;Via  MECENATE, 90;<= 7
TELESPAZIO S.p.A.;Altro;Sito  AEROPORTO FORLANINI;<= 7
TELESPAZIO S.p.A.;Altro;Sito  AEROPORTO DI MALPENSA,;<= 7
TELESPAZIO S.p.A.;Altro;Sito  c/o DEBIS S.r.l.,;<= 7
TELESPAZIO S.p.A.;Altro;Viale  LEGIONI ROMANE,;> 7 e <= 20
TELESPAZIO S.p.A.;Altro;Piazza  degli AFFARI, 3;<= 7
TELESPAZIO S.p.A.;Altro;Via  CORDUSIO, 5;<= 7
TELESPAZIO S.p.A.;Altro;Via  CORDUSIO, 5;<= 7
TELESPAZIO S.p.A.;Altro;Via  FANTOLI, 32;<= 7
TELESPAZIO S.p.A.;Altro;Viale  CERTOSA, 218;> 7 e <= 20
TELESPAZIO S.p.A.;Altro;Corso  SEMPIONE, 27;<= 7
TELESPAZIO S.p.A.;Altro;Via  TAZZOLI, 15;<= 7
TELESPAZIO S.p.A.;Altro;Viale  CERTOSA, 138;<= 7
TELESPAZIO S.p.A.;Altro;Via  CARDANO, 1;<= 7
TELESPAZIO S.p.A.;Altro;Via  LORENTEGGIO, 278;<= 7
TELESPAZIO S.p.A.;Altro;Via  SOLFERINO, 28;> 7 e <= 20
TELESPAZIO S.p.A.;Altro;Via  BURIGOZZO, 5;<= 7
TEVA S.r.l.;Ponte;Via  TUCIDIDE, 56;<= 7
TIVUITALIA S.p.A.;Televisione;Via  STEPHENSON, 43;> 20 e <= 300
UNITEDCOM S.r.l.;Televisione;Via  SAN GALDINO, 5;> 300 e <= 1000
Vedetta 2 Mondialpol S.p.A.;Altro;Via  Barnaba ORIANI, 7;<= 7
Videobyte S.r.l.;Ponte;Via  Caldera, 21;<= 7
VIRGIN RADIO ITALY S.p.A.;Radiofonia;Via  VALENZA, 5;> 1000
VIRGIN RADIO ITALY S.p.A.;Ponte;Viale  RICHARD, 1;<= 7
VIRGIN RADIO ITALY S.p.A.;Ponte;Via  SAN GALDINO, 5;<= 7
VIRGIN RADIO ITALY S.p.A.;Ponte;Via  SAN GALDINO, 5;<= 7
VIRGIN RADIO ITALY S.p.A.;Ponte;Via  SAN GALDINO, 5;<= 7
VIRGIN RADIO ITALY S.p.A.;Ponte;Viale  RICHARD, 1;<= 7
VIRGIN RADIO ITALY S.p.A.;Ponte;Viale  RICHARD, 1;<= 7
VIRGIN RADIO ITALY S.p.A.;Ponte;Viale  RICHARD, 1;<= 7
VIRGIN RADIO ITALY S.p.A.;Ponte;Viale  RICHARD, 1;<= 7
VIRGIN RADIO ITALY S.p.A.;Ponte;Viale  RICHARD, 1;<= 7
VODAFONE;Telefonia;Largo  RICHINI, 2;> 20 e <= 300
VODAFONE;Telefonia;Via  VARESINA, 19;> 20 e <= 300
VODAFONE;Microcella;Piazza  DUOMO,;<= 7
VODAFONE;Telefonia;Via  FANTASIO PICCOLI, snc;> 1000
VODAFONE;Telefonia;Via  De Pretis, 36;> 300 e <= 1000
VODAFONE;Telefonia;Via  PRIMATICCIO, 213;> 300 e <= 1000
VODAFONE;Microcella;Foro  BUONAPARTE, 67;<= 7
VODAFONE;Microcella;Via  VIGEVANO, 35;<= 7
VODAFONE;Microcella;Via  BERTANI, 2;<= 7
VODAFONE;Microcella;Via  Roberto Koch, 1;<= 7
VODAFONE;Telefonia;Via  FABRIANO, 7;> 20 e <= 300
VODAFONE;Telefonia;Via  Brunelleschi, 7;> 300 e <= 1000
VODAFONE;Telefonia;Via  Giannone, 2;> 20 e <= 300
VODAFONE;Microcella;Piazza  Cordusio,;<= 7
VODAFONE;Telefonia;Viale  Brianza, 35;> 20 e <= 300
VODAFONE;Telefonia;Viale  MONZA, 270;> 20 e <= 300
VODAFONE;Telefonia;Viale  Berbera, 45;> 20 e <= 300
VODAFONE;Telefonia;Via  SARFATTI, 3;> 20 e <= 300
VODAFONE;Microcella;Foro  BUONAPARTE, 71;<= 7
VODAFONE;Telefonia;Via  MOZZONI, 1;> 20 e <= 300
VODAFONE;Telefonia;Via  ORNATO, 74;> 300 e <= 1000
VODAFONE;Microcella;Via  FATEBENEFRATELLI, 14;<= 7
VODAFONE;Telefonia;Via  Manzoni, 5;> 20 e <= 300
VODAFONE;Microcella;Via  TORTONA, 35;<= 7
VODAFONE;Ponte;Viale  RICHARD, 1;<= 7
VODAFONE;Microcella;Viale  CALDARA, 46;<= 7
VODAFONE;Telefonia;Via  TURATI, 32;> 300 e <= 1000
VODAFONE;Ponte;Via  SPADOLINI, 9;<= 7
VODAFONE;Ponte;Piazzale  CADORNA, 14;<= 7
VODAFONE;Telefonia;Via  MERULA, 7;> 20 e <= 300
VODAFONE;Telefonia;Via  Porpora, 34;> 20 e <= 300
VODAFONE;Telefonia;Via  Antonio Baldissera, 9;> 20 e <= 300
VODAFONE;Telefonia;Foro  Buonaparte, 71;> 20 e <= 300
VODAFONE;Telefonia;Via  BERNINA, 7;> 300 e <= 1000
VODAFONE;Telefonia;Viale  MARCHE, 40;> 20 e <= 300
VODAFONE;Telefonia;Via  SANTA SOFIA, 21;> 20 e <= 300
VODAFONE;Telefonia;Via  del CARAVAGGIO, 4;> 20 e <= 300
VODAFONE;Telefonia;Via  Watt, 27;> 300 e <= 1000
VODAFONE;Telefonia;Via privata  STEFANO SICCOLI;> 300 e <= 1000
VODAFONE;Telefonia;Piazza  SANT'AMBROGIO, 8;> 20 e <= 300
VODAFONE;Telefonia;Piazza  GRANDI, 24;> 300 e <= 1000
VODAFONE;Telefonia;Via  TERRAGGIO, 28;> 20 e <= 300
VODAFONE;Telefonia;Via  Soderini, 24;> 20 e <= 300
VODAFONE;Telefonia;Viale  MONTE CENERI, 36;> 20 e <= 300
VODAFONE;Telefonia;Via  ERNESTO BREDA,;> 300 e <= 1000
VODAFONE;Telefonia;Via  Fusetti, 2;> 20 e <= 300
VODAFONE;Microcella;Via  DOMODOSSOLA,;<= 7
VODAFONE;Telefonia;Piazzale  UDINE, 1;> 20 e <= 300
VODAFONE;Microcella;Corso  VITTORIO EMANUELE II, 24;<= 7
VODAFONE;Telefonia;Via  LEPONTINA, 4;> 300 e <= 1000
VODAFONE;Ponte;Via  PALMI, 4;<= 7
VODAFONE;Telefonia;Via  OLGETTINA, 60;> 20 e <= 300
VODAFONE;Telefonia;Via  GIOVANNI BATTISTA SOR;> 300 e <= 1000
VODAFONE;Telefonia;Viale  RIPAMONTI, 549;> 300 e <= 1000
VODAFONE;Microcella;Piazza  DELLA  SCALA, 2;> 7 e <= 20
VODAFONE;Telefonia;Via  ASELLI, 9;> 20 e <= 300
VODAFONE;Microcella;Via  ZAROTTO, 8;<= 7
VODAFONE;Telefonia;Via  DEL LIRI, 1;> 300 e <= 1000
VODAFONE;Telefonia;Via  LARGA, 6;> 300 e <= 1000
VODAFONE;Microcella;Via  COPERNICO, 36-38;<= 7
VODAFONE;Telefonia;Via  Corridoni, 22;> 300 e <= 1000
VODAFONE;Telefonia;Via  FOGAZZARO, 28;> 20 e <= 300
VODAFONE;Telefonia;Via  ROVIGO, 10;> 20 e <= 300
VODAFONE;Telefonia;Via  Bartolomeo D'ALVIANO, 73;> 20 e <= 300
VODAFONE;Telefonia;Via  Finocchiaro Aprile, 12;> 20 e <= 300
VODAFONE;Telefonia;Via  BENSI, 1;> 20 e <= 300
VODAFONE;Telefonia;Via  SANTA MARGHERITA, 3;> 20 e <= 300
VODAFONE;Telefonia;Via  FRATELLI GABBA, 3;> 300 e <= 1000
VODAFONE;Telefonia;Via  PISANI, 31;> 300 e <= 1000
VODAFONE;Telefonia;Corso  XXII Marzo, 24;> 300 e <= 1000
VODAFONE;Telefonia;Via  MOSCA, 151;> 300 e <= 1000
VODAFONE;Telefonia;Via  Oldrado da Tresseno, 3;> 20 e <= 300
VODAFONE;Telefonia;Via  CENISIO, 83;> 300 e <= 1000
VODAFONE;Telefonia;Via privata  CEFALU', 24;> 20 e <= 300
VODAFONE;Microcella;Piazzale  Cimitero Monumentale;> 7 e <= 20
VODAFONE;Telefonia;Via  ZURETTI, 7;> 20 e <= 300
VODAFONE;Microcella;Via  SILVA, 6;<= 7
VODAFONE;Telefonia;Via  Marco De Marchi, 2;> 20 e <= 300
VODAFONE;Telefonia;Corso  Magenta, 61;> 20 e <= 300
VODAFONE;Telefonia;Via  De Andreis, 13;> 20 e <= 300
VODAFONE;Telefonia;Via  delle FORZE ARMATE, 197;> 300 e <= 1000
VODAFONE;Telefonia;Via  FORCELLA, 3;> 20 e <= 300
VODAFONE;Telefonia;Via  PALMI, 4;> 300 e <= 1000
VODAFONE;Telefonia;Via  Triboniano, 103;> 300 e <= 1000
VODAFONE;Telefonia;Via  TACITO, 14;> 20 e <= 300
VODAFONE;Telefonia;Via  BRISA, 7;> 20 e <= 300
VODAFONE;Microcella;Viale  RICHARD, 5;<= 7
VODAFONE;Telefonia;Via  TOFFETTI, 125;> 20 e <= 300
VODAFONE;Telefonia;Via  PATROCLO,;> 300 e <= 1000
VODAFONE;Telefonia;Via  SAPETO, 1;> 20 e <= 300
VODAFONE;Telefonia;Viale  MISURATA, 34;> 20 e <= 300
VODAFONE;Telefonia;Via  REDI, 17;> 20 e <= 300
VODAFONE;Telefonia;Via  TEODOSIO, 83;> 20 e <= 300
VODAFONE;Telefonia;Viale  LUCANIA, 29;> 20 e <= 300
VODAFONE;Telefonia;Via  Pismonte, 2;> 20 e <= 300
VODAFONE;Telefonia;Viale  UMBRIA, 41;> 20 e <= 300
VODAFONE;Telefonia;Via  MARIANI POMPEO, 16;> 20 e <= 300
VODAFONE;Telefonia;Via  BROLETTO, 41;> 300 e <= 1000
VODAFONE;Telefonia;Via  SPADOLINI, 9;> 300 e <= 1000
VODAFONE;Telefonia;Via  Labus, 3;> 20 e <= 300
VODAFONE;Telefonia;Via  Tiepolo,;> 300 e <= 1000
VODAFONE;Telefonia;Viale  FORLANINI, 65;> 20 e <= 300
VODAFONE;Telefonia;Via  HOEPLI, 6;> 300 e <= 1000
VODAFONE;Microcella;Via  PIERO DELLA FRANCESCA;<= 7
VODAFONE;Microcella;Via  del VECCHIO POLITECNICO, 3;<= 7
VODAFONE;Microcella;Via  MARGHERA, 37;<= 7
VODAFONE;Microcella;Via  SARPI, 15;> 20 e <= 300
VODAFONE;Microcella;Via  SARPI,;> 7 e <= 20
VODAFONE;Telefonia;Via  ASIAGO, 66;> 300 e <= 1000
VODAFONE;Microcella;Piazzale  CADORNA, 14;<= 7
VODAFONE;Telefonia;Viale  ABRUZZI, 48;> 20 e <= 300
VODAFONE;Telefonia;Via  BOTTESINI, 7;> 20 e <= 300
VODAFONE;Telefonia;Via  BELFIORE, 13;> 20 e <= 300
VODAFONE;Microcella;Località  DARSENA,;<= 7
VODAFONE;Telefonia;Via privata  Caio Mario, 60;> 300 e <= 1000
VODAFONE;Telefonia;Via  MILLELIRE, 20;> 20 e <= 300
VODAFONE;Telefonia;Via  Lomellina, 34;> 300 e <= 1000
VODAFONE;Telefonia;Via  Rugabella, 1;> 20 e <= 300
VODAFONE;Telefonia;Via  TAMBURINI, 7;> 20 e <= 300
VODAFONE;Telefonia;Via  CACCIATORI, 9;> 20 e <= 300
VODAFONE;Microcella;Via  GIAN GALEAZZO, 2;> 7 e <= 20
VODAFONE;Microcella;Alzaia  NAVIGLIO GRANDE, 46;<= 7
VODAFONE;Telefonia;Corso  Monforte, 20;> 300 e <= 1000
VODAFONE;Telefonia;Viale  PICENO, 14;> 20 e <= 300
VODAFONE;Microcella;Sito  BOVISA FNM,;<= 7
VODAFONE;Microcella;Via  Orefici, 2;<= 7
VODAFONE;Telefonia;Piazza  CAVOUR, 2;> 20 e <= 300
VODAFONE;Telefonia;Via  VILLANI, 1;> 20 e <= 300
VODAFONE;Telefonia;Via  SPARTACO, 3;> 7 e <= 20
VODAFONE;Microcella;Via  CRESPI, 24;<= 7
VODAFONE;Telefonia;Via  VINCENZO MONTI , 81;> 20 e <= 300
VODAFONE;Telefonia;Via  Enrico Tazzoli, 6;> 20 e <= 300
VODAFONE;Telefonia;Via  PIERO E ALBERTO PIRELLI;> 20 e <= 300
VODAFONE;Telefonia;Piazzale  CADORNA, 14;> 300 e <= 1000
VODAFONE;Telefonia;Via  MELCHIORRE GIOIA, 168;> 20 e <= 300
VODAFONE;Telefonia;Via  CRESPI, 57;> 300 e <= 1000
VODAFONE;Telefonia;Via  SAN DIONIGI, 42;> 300 e <= 1000
VODAFONE;Telefonia;Via  NOALE, 7;> 20 e <= 300
VODAFONE;Telefonia;Piazza  CINQUE GIORNATE, 1;> 300 e <= 1000
VODAFONE;Telefonia;Piazzale  LORETO, 7;> 300 e <= 1000
VODAFONE;Telefonia;Via  RIPAMONTI, 586;> 20 e <= 300
VODAFONE;Telefonia;Via  BERGOGNONE, 53;> 300 e <= 1000
VODAFONE;Telefonia;Via  CORDUSIO, 4;> 300 e <= 1000
VODAFONE;Telefonia;Via  FARINI, 30;> 20 e <= 300
VODAFONE;Telefonia;Viale  GIAN GALEAZZO, 25;> 300 e <= 1000
VODAFONE;Telefonia;Via  BELLERIO, 41;> 20 e <= 300
VODAFONE;Telefonia;Viale  MONZA, 190;> 300 e <= 1000
VODAFONE;Telefonia;Via  NOTO, 10;> 300 e <= 1000
VODAFONE;Telefonia;Via  CALDERA, 21;> 20 e <= 300
VODAFONE;Telefonia;Viale  MAJNO, 10;> 300 e <= 1000
VODAFONE;Telefonia;Via  BUTTI Enrico, 9;> 20 e <= 300
VODAFONE;Telefonia;Via  MURATORI, 14;> 300 e <= 1000
VODAFONE;Telefonia;Piazza  MISSORI, 3;> 300 e <= 1000
VODAFONE;Microcella;Largo  Domodossola, 1;<= 7
VODAFONE;Telefonia;Piazza  BONOMELLI, 4;> 300 e <= 1000
VODAFONE;Telefonia;Viale  TEODORICO, 13;> 20 e <= 300
VODAFONE;Telefonia;Corso  di Porta Romana, 68;> 300 e <= 1000
VODAFONE;Telefonia;Via  Crispi, 5;> 300 e <= 1000
VODAFONE;Telefonia;Piazzale  GORINI, 3;> 20 e <= 300
VODAFONE;Telefonia;Via  BRAGADINO, 2;> 20 e <= 300
VODAFONE;Telefonia;Via  del PETTIROSSO, 10;> 300 e <= 1000
VODAFONE;Telefonia;Via  Teodosio, 7;> 20 e <= 300
VODAFONE;Telefonia;Via  Brera, 21;> 20 e <= 300
VODAFONE;Telefonia;Via  Giovanni DA CERMENATE;> 300 e <= 1000
VODAFONE;Microcella;Via  GEROLAMO CARDANO, 10;<= 7
VODAFONE;Microcella;Via  MONTE PENICE, 7;<= 7
VODAFONE;Telefonia;Viale  CAPRILLI, 30;> 300 e <= 1000
VODAFONE;Telefonia;Via  PESARO,;> 20 e <= 300
VODAFONE;Microcella;Via  BONNET, 10;<= 7
VODAFONE;Ponte;Via  CARBONERA,;<= 7
VODAFONE;Microcella;Viale  FULVIO TESTI, 327;<= 7
VODAFONE;Microcella;Via  CIOVASSINO, 1;<= 7
VODAFONE;Telefonia;Via  Angelo RIZZOLI, 8;> 1000
VODAFONE;Telefonia;Via  MASSENA, 8;> 300 e <= 1000
VODAFONE;Telefonia;Viale  UMBRIA, 83;> 20 e <= 300
VODAFONE;Telefonia;Via  DORIA ANDREA, 3;> 20 e <= 300
VODAFONE;Telefonia;Piazza  IRNERIO, 1;> 300 e <= 1000
VODAFONE;Ponte;Via  DOMODOSSOLA, 1;<= 7
VODAFONE;Microcella;Via  della Guastalla, 6;<= 7
VODAFONE;Telefonia;Via  Pomponazzi, 7;> 20 e <= 300
VODAFONE;Telefonia;Via  MARSALA, 3;> 20 e <= 300
VODAFONE;Telefonia;Piazzale  Zavattari, 6;> 20 e <= 300
VODAFONE;Telefonia;Via  Alberto DA GIUSSANO, 16;> 20 e <= 300
VODAFONE;Telefonia;Via  Bonardi, 9;> 300 e <= 1000
VODAFONE;Microcella;Alzaia  NAVIGLIO GRANDE, 2;<= 7
VODAFONE;Microcella;Corso  VITTORIO EMANUELE I;<= 7
VODAFONE;Microcella;Via  della SPIGA, 19;> 20 e <= 300
VODAFONE;Microcella;Corso  BUENOS AIRES,;> 7 e <= 20
VODAFONE;Microcella;Piazza  Duca d'Aosta,;<= 7
VODAFONE;Telefonia;Corso  MONFORTE, 2;> 20 e <= 300
VODAFONE;Microcella;Largo  AUGUSTO, 8;<= 7
VODAFONE;Telefonia;Viale  FULVIO TESTI, 287;> 300 e <= 1000
VODAFONE;Telefonia;Via  IMPERIA, 17;> 300 e <= 1000
VODAFONE;Telefonia;Via  DON MINZONI, 3;> 20 e <= 300
VODAFONE;Microcella;Piazza  CASTELLO, 3;<= 7
VODAFONE;Telefonia;Viale  CERTOSA, 108;> 20 e <= 300
VODAFONE;Telefonia;Viale  Beatrice D'ESTE, 15;> 20 e <= 300
VODAFONE;Telefonia;Viale  TUNISIA, 6;> 20 e <= 300
VODAFONE;Telefonia;Via  MARIO ALBERTO, 19;> 20 e <= 300
VODAFONE;Telefonia;Via  MARCHESI DE TADDEI, 3;> 20 e <= 300
VODAFONE;Telefonia;Via  TUCIDIDE, 56;> 20 e <= 300
VODAFONE;Telefonia;Via  PICCINNI NICOLA, 5;> 300 e <= 1000
VODAFONE;Telefonia;Via  JOMMELLI, 26;> 300 e <= 1000
VODAFONE;Telefonia;Via  COLOMBO GIUSEPPE, 81;> 300 e <= 1000
VODAFONE;Telefonia;Viale  CASSALA, 22;> 300 e <= 1000
VODAFONE;Telefonia;Via  TOLSTOJ, 16;> 300 e <= 1000
VODAFONE;Telefonia;Via  FERRUCCI, 10;> 20 e <= 300
VODAFONE;Telefonia;Via  SPARTACO, 4;> 20 e <= 300
VODAFONE;Telefonia;Piazzale  MACIACHINI, 22;> 300 e <= 1000
VODAFONE;Telefonia;Via  MEDICI, 2;> 20 e <= 300
VODAFONE;Telefonia;Via  dei Valtorta, 48;> 300 e <= 1000
VODAFONE;Telefonia;Via  Salvio Giuliano, 4;> 300 e <= 1000
VODAFONE;Telefonia;Viale  MURILLO, 9;> 300 e <= 1000
VODAFONE;Telefonia;Via  SALOMONE, 77;> 300 e <= 1000
VODAFONE;Telefonia;Via  Lamarmora, 44;> 20 e <= 300
VODAFONE;Telefonia;Largo  AUGUSTO, 7;> 300 e <= 1000
VODAFONE;Telefonia;Via  della CHIUSA, 8;> 300 e <= 1000
VODAFONE;Telefonia;Via  CAVIGLIA , 11;> 300 e <= 1000
VODAFONE;Telefonia;Via  TIZIANO, 32;> 300 e <= 1000
VODAFONE;Telefonia;Via  RIPAMONTI, 129;> 20 e <= 300
VODAFONE;Telefonia;Via  IPPODROMO, 100;> 300 e <= 1000
VODAFONE;Telefonia;Via  ARIOSTO, 30;> 20 e <= 300
VODAFONE;Telefonia;Via  Roentgen,;> 20 e <= 300
VODAFONE;Telefonia;Via  RUBATTINO, 56;> 300 e <= 1000
VODAFONE;Telefonia;Via  STEFINI, 6;> 20 e <= 300
VODAFONE;Telefonia;Piazza  CASTELLO, 18;> 20 e <= 300
VODAFONE;Telefonia;Via  POZZOBONELLI,;> 20 e <= 300
VODAFONE;Telefonia;Via  OLMETTO, 8;> 20 e <= 300
VODAFONE;Telefonia;Via  CONCA DEL NAVIGLIO, 20;> 20 e <= 300
VODAFONE;Telefonia;Via  Galileo Galilei, 2;> 20 e <= 300
VODAFONE;Telefonia;Corso  GARIBALDI, 68;> 20 e <= 300
VODAFONE;Telefonia;Via  FIORAVANTI, 17;> 20 e <= 300
VODAFONE;Ponte;Via  CEVEDALE, 5;<= 7
VODAFONE;Telefonia;Via  CEVEDALE, 5;> 20 e <= 300
VODAFONE;Telefonia;Via  GALIANI, 12;> 300 e <= 1000
VODAFONE;Microcella;Viale  SUZZANI, 13;<= 7
VODAFONE;Microcella;Via  SCARLATTI, 33;<= 7
VODAFONE;WiFi;Via  PELLICO, 8;<= 7
VODAFONE;Telefonia;Viale  Argonne, 11;> 20 e <= 300
VODAFONE;Telefonia;Via  G. Zuretti, 10;> 20 e <= 300
VODAFONE;Telefonia;Via  Esterle, 6;> 300 e <= 1000
VODAFONE;Telefonia;Via  CARDINAL MEZZOFANTI,;> 300 e <= 1000
VODAFONE;Microcella;Via  VERDI, 4;<= 7
VODAFONE;WiFi;Viale  SUZZANI, 13;<= 7
VODAFONE;Telefonia;Via  Pirelli, 30;> 20 e <= 300
VODAFONE;Telefonia;Via  FUMAGALLI, 4;> 20 e <= 300
VODAFONE;Microcella;Via  LAMPEDUSA, 11;<= 7
VODAFONE;Microcella;Via  WASHINGTON, 66;<= 7
VODAFONE;Microcella;Via  SAMMARTINI, 37;<= 7
VODAFONE;Microcella;Via  BROLETTO, 20;<= 7
VODAFONE;Telefonia;Via  PRINCIPE EUGENIO, 31;> 20 e <= 300
VODAFONE;Microcella;Via  STROMBOLI, 18;<= 7
VODAFONE;Microcella;Largo  Corsia dei Servi, 3;<= 7
VODAFONE;Microcella;Via  SAN MAURILIO, 20;<= 7
VODAFONE;Telefonia;Via privata  VENEZIA GIULIA, 8;> 300 e <= 1000
VODAFONE;Telefonia;Piazza  DERGANO, 9;> 300 e <= 1000
WIND TELECOMUNICAZIONI S.p.A.;Ponte;Viale  ORTLES, 70;<= 7
WIND TELECOMUNICAZIONI S.p.A.;Microcella;Via  VALTELLINA, 5;<= 7
WIND TELECOMUNICAZIONI S.p.A.;Microcella;Corso  BUENOS AIRES, 64;<= 7
WIND TELECOMUNICAZIONI S.p.A.;Microcella;Via  INGANNI, 103;<= 7
WIND TELECOMUNICAZIONI S.p.A.;Telefonia;Piazza  del Rosario, 2;> 300 e <= 1000
WIND TELECOMUNICAZIONI S.p.A.;Telefonia;Via  TOFFETTI, 125;> 20 e <= 300
WIND TELECOMUNICAZIONI S.p.A.;Telefonia;Via  Castel Morrone, 1;> 20 e <= 300
WIND TELECOMUNICAZIONI S.p.A.;Ponte;Viale  FULVIO TESTI, 280;<= 7
WIND TELECOMUNICAZIONI S.p.A.;Telefonia;Viale  CERTOSA, 138;> 300 e <= 1000
WIND TELECOMUNICAZIONI S.p.A.;Telefonia;Via  Fontanili, 26;> 300 e <= 1000
WIND TELECOMUNICAZIONI S.p.A.;Microcella;Largo  DOMODOSSOLA, 1;<= 7
WIND TELECOMUNICAZIONI S.p.A.;Ponte;Via  BERUTO, 18;<= 7
WIND TELECOMUNICAZIONI S.p.A.;Ponte;Via  AZARIO, 1;<= 7
WIND TELECOMUNICAZIONI S.p.A.;Ponte;Via  PADOVA, 366;<= 7
WIND TELECOMUNICAZIONI S.p.A.;Ponte;Via  TUCIDIDE, 56;<= 7
WIND TELECOMUNICAZIONI S.p.A.;Microcella;Via  DOMODOSSOLA,;<= 7
WIND TELECOMUNICAZIONI S.p.A.;Ponte;Piazza  FREUD,;<= 7
WIND TELECOMUNICAZIONI S.p.A.;Ponte;Via  SAN ROMANELLO, 85;<= 7
WIND TELECOMUNICAZIONI S.p.A.;Telefonia;Via  GIORGIO JAN, 5;> 20 e <= 300
WIND TELECOMUNICAZIONI S.p.A.;Ponte;Via  DI BREME, 7;<= 7
WIND TELECOMUNICAZIONI S.p.A.;Ponte;Via  CAPECELATRO, 69;<= 7
WIND TELECOMUNICAZIONI S.p.A.;Ponte;Via  CARDUCCI, 1;<= 7
WIND TELECOMUNICAZIONI S.p.A.;Ponte;Viale  LOMBARDIA, 230;<= 7
WIND TELECOMUNICAZIONI S.p.A.;Ponte;Via  CAVALLOTTI, 86;<= 7
WIND TELECOMUNICAZIONI S.p.A.;Ponte;Via  FERMI, 3;<= 7
WIND TELECOMUNICAZIONI S.p.A.;Ponte;Via  PACINOTTI, 5;<= 7
WIND TELECOMUNICAZIONI S.p.A.;Ponte;Via  VOLTA, 1;<= 7
WIND TELECOMUNICAZIONI S.p.A.;Ponte;Viale  CERTOSA, 138;<= 7
WIND TELECOMUNICAZIONI S.p.A.;Ponte;Via  ORNATO, 90;<= 7
WIND TELECOMUNICAZIONI S.p.A.;Ponte;Via  CHIESE, 57;<= 7
WIND TELECOMUNICAZIONI S.p.A.;Ponte;Via  PADOVA, 366;<= 7
WIND TELECOMUNICAZIONI S.p.A.;Ponte;Via  MONTE PIANA, 16;<= 7
WIND TELECOMUNICAZIONI S.p.A.;Ponte;Corso  GARIBALDI, 68;<= 7
WIND TELECOMUNICAZIONI S.p.A.;Ponte;Piazza  CINQUE GIORNATE, 1;<= 7
WIND TELECOMUNICAZIONI S.p.A.;Ponte;Via  LEONE XIII, 14;<= 7
WIND TELECOMUNICAZIONI S.p.A.;Ponte;Via  DANTE, 9;<= 7
WIND TELECOMUNICAZIONI S.p.A.;Telefonia;Via  MONTE ROSA, 20;<= 7
WIND TELECOMUNICAZIONI S.p.A.;Microcella;Via  LORENTEGGIO,;> 20 e <= 300
WIND TELECOMUNICAZIONI S.p.A.;Ponte;Via  OROBONI,;<= 7
WIND TELECOMUNICAZIONI S.p.A.;Ponte;---  ,;<= 7
WIND TELECOMUNICAZIONI S.p.A.;Ponte;Piazza  EDISON, 318;<= 7
WIND TELECOMUNICAZIONI S.p.A.;Ponte;Via  BETTOLINO, 2;<= 7
WIND TELECOMUNICAZIONI S.p.A.;Ponte;Via  FALCK,;<= 7
WIND TELECOMUNICAZIONI S.p.A.;Ponte;Via  AIRAGHI, 49;<= 7
WIND TELECOMUNICAZIONI S.p.A.;Ponte;Via  BRIOSCHI, 42;<= 7
WIND TELECOMUNICAZIONI S.p.A.;Ponte;Via  DA SETTIGNANO Desideri;<= 7
WIND TELECOMUNICAZIONI S.p.A.;Ponte;Viale  MURILLO, 9;<= 7
WIND TELECOMUNICAZIONI S.p.A.;Ponte;Via  Giovanni DA CERMENATE, 1;<= 7
WIND TELECOMUNICAZIONI S.p.A.;Ponte;Piazza  GIOVINE ITALIA, 2;<= 7
WIND TELECOMUNICAZIONI S.p.A.;Ponte;Largo  DOMODOSSOLA, 7;<= 7
WIND TELECOMUNICAZIONI S.p.A.;Ponte;Viale  TEODORICO, 13;<= 7
WIND TELECOMUNICAZIONI S.p.A.;Ponte;Via  RAVIZZA, 12;<= 7
WIND TELECOMUNICAZIONI S.p.A.;Ponte;Viale  BEZZI, 73;<= 7
WIND TELECOMUNICAZIONI S.p.A.;Ponte;Via  MORGANTINI, 37;<= 7
WIND TELECOMUNICAZIONI S.p.A.;Ponte;Via  NATTA,;<= 7
WIND TELECOMUNICAZIONI S.p.A.;Ponte;Via  PATROCLO,;<= 7
WIND TELECOMUNICAZIONI S.p.A.;Ponte;Via  NIKOLAJEVKA, 5;<= 7
WIND TELECOMUNICAZIONI S.p.A.;Ponte;Via  delle FORZE ARMATE, 364;<= 7
WIND TELECOMUNICAZIONI S.p.A.;Ponte;Via  PRIMATICCIO, 158;<= 7
WIND TELECOMUNICAZIONI S.p.A.;Ponte;Via  NOALE, 10;<= 7
WIND TELECOMUNICAZIONI S.p.A.;Ponte;Via  RUBATTINO, 84;<= 7
WIND TELECOMUNICAZIONI S.p.A.;Ponte;Viale  ORTLES, 68;> 7 e <= 20
WIND TELECOMUNICAZIONI S.p.A.;Ponte;Via  QUARTO CAGNINO, 28;<= 7
WIND TELECOMUNICAZIONI S.p.A.;Ponte;Via  BAZZINI, 4;<= 7
WIND TELECOMUNICAZIONI S.p.A.;Ponte;Via  CARABELLI, 2;<= 7
WIND TELECOMUNICAZIONI S.p.A.;Ponte;Piazzale  SUSA, 11;<= 7
WIND TELECOMUNICAZIONI S.p.A.;Ponte;Viale  TUNISIA, 6;<= 7
WIND TELECOMUNICAZIONI S.p.A.;Ponte;Viale  ABRUZZI, 48;<= 7
WIND TELECOMUNICAZIONI S.p.A.;Ponte;Viale  LAZIO, 5;<= 7
WIND TELECOMUNICAZIONI S.p.A.;Ponte;Via  VENTURA, 4;<= 7
WIND TELECOMUNICAZIONI S.p.A.;Ponte;Via  ZANTE, 16;<= 7
WIND TELECOMUNICAZIONI S.p.A.;Ponte;Piazzale  GORINI, 18;<= 7
WIND TELECOMUNICAZIONI S.p.A.;Ponte;Foro  BUONAPARTE, 44;<= 7
WIND TELECOMUNICAZIONI S.p.A.;Ponte;Via  SOLFERINO, 22;<= 7
WIND TELECOMUNICAZIONI S.p.A.;Ponte;Via  GALILEI, 2;<= 7
WIND TELECOMUNICAZIONI S.p.A.;Ponte;Via  PISANI, 11;<= 7
WIND TELECOMUNICAZIONI S.p.A.;Ponte;Viale  MONZA, 1;<= 7
WIND TELECOMUNICAZIONI S.p.A.;Telefonia;Viale  MONZA , 1;> 300 e <= 1000
WIND TELECOMUNICAZIONI S.p.A.;Ponte;Viale  CASSALA, 22;<= 7
WIND TELECOMUNICAZIONI S.p.A.;Ponte;Via  LODOVICO IL MORO, 95;<= 7
WIND TELECOMUNICAZIONI S.p.A.;Ponte;Viale  CASSALA, 9;<= 7
WIND TELECOMUNICAZIONI S.p.A.;Ponte;Via  BORSI, 14;<= 7
WIND TELECOMUNICAZIONI S.p.A.;Ponte;Viale  Beatrice D'ESTE,;<= 7
WIND TELECOMUNICAZIONI S.p.A.;Ponte;Via  TABACCHI, 56;<= 7
WIND TELECOMUNICAZIONI S.p.A.;Ponte;Corso  MANUSARDI, 2;<= 7
WIND TELECOMUNICAZIONI S.p.A.;Ponte;Via  FORCELLA, 3;<= 7
WIND TELECOMUNICAZIONI S.p.A.;Ponte;Piazza  MONDADORI, 1;<= 7
WIND TELECOMUNICAZIONI S.p.A.;Ponte;Via  dei BIANCOSPINI, 15;<= 7
WIND TELECOMUNICAZIONI S.p.A.;Ponte;Via  CARROCCIO, 12;<= 7
WIND TELECOMUNICAZIONI S.p.A.;Ponte;Via  STENDHAL, 54;<= 7
WIND TELECOMUNICAZIONI S.p.A.;Ponte;Via  DE AMICIS, 19;<= 7
WIND TELECOMUNICAZIONI S.p.A.;Ponte;Piazza  dell'OSPEDALE MAGGI;<= 7
WIND TELECOMUNICAZIONI S.p.A.;Ponte;Viale  MONZA, 259;<= 7
WIND TELECOMUNICAZIONI S.p.A.;Ponte;Via  PADOVA, 281;<= 7
WIND TELECOMUNICAZIONI S.p.A.;Ponte;Viale  MONZA, 152;<= 7
WIND TELECOMUNICAZIONI S.p.A.;Ponte;Via  IMBONATI, 15;<= 7
WIND TELECOMUNICAZIONI S.p.A.;Ponte;Piazza  CASTELLI Pompeo, 16;<= 7
WIND TELECOMUNICAZIONI S.p.A.;Ponte;Viale  ZARA, 131;<= 7
WIND TELECOMUNICAZIONI S.p.A.;Ponte;Via  FRATELLI SALVIONI, 6;<= 7
WIND TELECOMUNICAZIONI S.p.A.;Ponte;Corso  DI PORTA ROMANA, 68;<= 7
WIND TELECOMUNICAZIONI S.p.A.;Ponte;Piazza  SAN PIETRO IN GESSATE,;<= 7
WIND TELECOMUNICAZIONI S.p.A.;Ponte;Via  LAMARMORA, 34;<= 7
WIND TELECOMUNICAZIONI S.p.A.;Ponte;Via  MEDICI DEL VASCELLO, 2;<= 7
Wind Tre S.p.A.;Telefonia;Piazza  SAN BABILA, 4;> 20 e <= 300
Wind Tre S.p.A.;Telefonia;Via  LARGA , 7;> 300 e <= 1000
Wind Tre S.p.A.;Telefonia;Via  SANTA MARGHERITA, 3;> 300 e <= 1000
Wind Tre S.p.A.;Telefonia;Viale  MONZA, 53;> 300 e <= 1000
Wind Tre S.p.A.;Ponte;Viale  MONTE CENERI, 38;<= 7
Wind Tre S.p.A.;Telefonia;Viale  MONTE CENERI, 38;> 300 e <= 1000
Wind Tre S.p.A.;Telefonia;Viale  ZARA, 131;> 300 e <= 1000
Wind Tre S.p.A.;Telefonia;Via  GOVONE, 44;> 20 e <= 300
Wind Tre S.p.A.;Telefonia;Via  BUTTI Enrico, 9;> 300 e <= 1000
Wind Tre S.p.A.;Telefonia;Viale  MARCHE, 91;> 300 e <= 1000
Wind Tre S.p.A.;Telefonia;Viale  FULVIO TESTI, 60;> 300 e <= 1000
Wind Tre S.p.A.;Telefonia;Piazza  GRECO, 2;> 300 e <= 1000
Wind Tre S.p.A.;Telefonia;Via  degli IMBRIANI, 28;> 300 e <= 1000
Wind Tre S.p.A.;Telefonia;Piazza  Dergano, 9;> 1000
Wind Tre S.p.A.;Telefonia;Via  AMORETTI, 92;> 300 e <= 1000
Wind Tre S.p.A.;Telefonia;Via  DE AMICIS, 19;> 300 e <= 1000
Wind Tre S.p.A.;Telefonia;Via  Bragadino, 2;> 20 e <= 300
Wind Tre S.p.A.;Telefonia;Via  ALBRICCI, 5;> 300 e <= 1000
Wind Tre S.p.A.;Telefonia;Via  TABACCHI, 56;> 300 e <= 1000
Wind Tre S.p.A.;Telefonia;Viale  ISONZO , 10;> 300 e <= 1000
Wind Tre S.p.A.;Telefonia;Via  GIAMBELLINO, 141;> 20 e <= 300
Wind Tre S.p.A.;Telefonia;Viale  CASSALA, 22;> 300 e <= 1000
Wind Tre S.p.A.;Telefonia;Piazzale  CORVETTO, 1;> 300 e <= 1000
Wind Tre S.p.A.;Telefonia;Piazza  CAIAZZO, 3;> 300 e <= 1000
Wind Tre S.p.A.;Telefonia;Via  Benedetto MARCELLO, 89;> 300 e <= 1000
Wind Tre S.p.A.;Telefonia;Via  PISANI, 10;> 300 e <= 1000
Wind Tre S.p.A.;Telefonia;Via  SALOMONE , 77;> 300 e <= 1000
Wind Tre S.p.A.;Telefonia;Via  SOLFERINO, 22;> 300 e <= 1000
Wind Tre S.p.A.;Ponte;Via  CESARIANO, 7;<= 7
Wind Tre S.p.A.;Telefonia;Via  CESARIANO, 7;> 20 e <= 300
Wind Tre S.p.A.;Telefonia;Piazzale  GORINI, 18;> 300 e <= 1000
Wind Tre S.p.A.;Telefonia;Viale  Corsica, 33;> 20 e <= 300
Wind Tre S.p.A.;Telefonia;Piazza  UDINE, 1;> 20 e <= 300
Wind Tre S.p.A.;Telefonia;Piazza  GRANDI, 18;> 20 e <= 300
Wind Tre S.p.A.;Telefonia;Viale  TUNISIA, 6;> 300 e <= 1000
Wind Tre S.p.A.;Telefonia;Via  ROSSINI, 6;> 20 e <= 300
Wind Tre S.p.A.;Telefonia;Via  MELLONI, 32;> 300 e <= 1000
Wind Tre S.p.A.;Telefonia;Piazzale  SUSA, 11;> 300 e <= 1000
Wind Tre S.p.A.;Telefonia;Via  TEODOSIO, 83;> 300 e <= 1000
Wind Tre S.p.A.;Telefonia;Via  COLOMBO GIUSEPPE, 81;> 300 e <= 1000
Wind Tre S.p.A.;Telefonia;Via  CICERI VISCONTI, 2;> 20 e <= 300
Wind Tre S.p.A.;Telefonia;Via  GROSIO, 3;> 300 e <= 1000
Wind Tre S.p.A.;Telefonia;Via  VIDA, 11;> 300 e <= 1000
Wind Tre S.p.A.;Telefonia;Via  PRIMATICCIO, 158;> 300 e <= 1000
Wind Tre S.p.A.;Telefonia;Via  BISCEGLIE, 82;> 300 e <= 1000
Wind Tre S.p.A.;Telefonia;Via  delle FORZE ARMATE, 364;> 300 e <= 1000
Wind Tre S.p.A.;Telefonia;Via  MORGANTINI, 37;> 300 e <= 1000
Wind Tre S.p.A.;Telefonia;Via  VESPRI SICILIANI, 20;> 300 e <= 1000
Wind Tre S.p.A.;Telefonia;Viale  TEODORICO, 13;> 300 e <= 1000
Wind Tre S.p.A.;Telefonia;Via  BOIFAVA, 29;> 300 e <= 1000
Wind Tre S.p.A.;Telefonia;Via  NOTO, 10;> 20 e <= 300
Wind Tre S.p.A.;Telefonia;Via  SANGIORGIO ABBONDIO, 4;> 20 e <= 300
Wind Tre S.p.A.;Telefonia;Viale  MURILLO, 9;> 300 e <= 1000
Wind Tre S.p.A.;Telefonia;Via  FRA GALGARIO, 8;> 300 e <= 1000
Wind Tre S.p.A.;Telefonia;Via  Romagnoli, 6;> 300 e <= 1000
Wind Tre S.p.A.;Telefonia;Via  Desiderio da Settignano, 10;> 300 e <= 1000
Wind Tre S.p.A.;Telefonia;Via  AIRAGHI, 49;> 300 e <= 1000
Wind Tre S.p.A.;Telefonia;Via  Vincenzo DA SEREGNO, 48;> 300 e <= 1000
Wind Tre S.p.A.;Telefonia;Via  DANTE, 9;> 20 e <= 300
Wind Tre S.p.A.;Telefonia;Corso  GARIBALDI, 68;> 300 e <= 1000
Wind Tre S.p.A.;Telefonia;Via  Ripamonti, 561;> 300 e <= 1000
Wind Tre S.p.A.;Telefonia;Via  NEGROLI, 44;> 300 e <= 1000
Wind Tre S.p.A.;Telefonia;Via  TORINO, 23;> 20 e <= 300
Wind Tre S.p.A.;Telefonia;Via  PISMONTE, 2;> 300 e <= 1000
Wind Tre S.p.A.;Telefonia;Via  Ernesto Breda,;> 300 e <= 1000
Wind Tre S.p.A.;Telefonia;Via  CARDUCCI, 23;> 300 e <= 1000
Wind Tre S.p.A.;Telefonia;Via  CACCIATORI, 9;> 300 e <= 1000
Wind Tre S.p.A.;Telefonia;Via  MILLELIRE DOMENICO, 2;> 300 e <= 1000
Wind Tre S.p.A.;Telefonia;Via  PREDABISSI Francesco, 4;> 300 e <= 1000
Wind Tre S.p.A.;Telefonia;Via  Giuseppe FERRARI, 12;> 300 e <= 1000
Wind Tre S.p.A.;Telefonia;Via  CRISTINA BELGIOIOSO, 165;> 20 e <= 300
Wind Tre S.p.A.;Telefonia;Via  CRISTINA BELGIOIOSO ,;> 20 e <= 300
Wind Tre S.p.A.;Telefonia;Via  CRISTINA BELGIOIOSO ,;> 20 e <= 300
Wind Tre S.p.A.;Telefonia;Viale  PIERO E ALBERTO PIRELLI, 6;> 300 e <= 1000
Wind Tre S.p.A.;Telefonia;Via  ASIAGO, 46;> 20 e <= 300
Wind Tre S.p.A.;Telefonia;Viale  BERBERA, 45;> 20 e <= 300
Wind Tre S.p.A.;Telefonia;Via  ATTENDOLO SFORZA, 11;> 300 e <= 1000
Wind Tre S.p.A.;Telefonia;Via  SAN DIONIGI, 42;> 300 e <= 1000
Wind Tre S.p.A.;Telefonia;Corso  BUENOS AIRES, 75;> 300 e <= 1000
Wind Tre S.p.A.;Telefonia;Viale  FULVIO TESTI, 287;> 300 e <= 1000
Wind Tre S.p.A.;Telefonia;Via  Lambruschini, 36;> 300 e <= 1000
Wind Tre S.p.A.;Telefonia;Via  CASTELMORRONE, 22;> 20 e <= 300
Wind Tre S.p.A.;Telefonia;Via  PEDRONI, 21;> 300 e <= 1000
Wind Tre S.p.A.;Telefonia;Via  CORDUSIO, 4;> 300 e <= 1000
Wind Tre S.p.A.;Telefonia;Via  Vigoni, 3;> 300 e <= 1000
Wind Tre S.p.A.;Telefonia;Via  Pisacane, 34;> 20 e <= 300
Wind Tre S.p.A.;Telefonia;Viale  PICENO, 14;> 20 e <= 300
Wind Tre S.p.A.;Microcella;Viale  Alemagna, 6;> 20 e <= 300
Wind Tre S.p.A.;Telefonia;Corso  VENEZIA, 43;> 300 e <= 1000
Wind Tre S.p.A.;Telefonia;Piazza  CASTELLO, 1;> 20 e <= 300
Wind Tre S.p.A.;Telefonia;Via  FUMAGALLI, 4;> 300 e <= 1000
Wind Tre S.p.A.;Microcella;Via  Gaetano DE CASTILLIA, 6;> 20 e <= 300
Wind Tre S.p.A.;Telefonia;Via  VITTOR PISANI, 31;> 20 e <= 300
Wind Tre S.p.A.;Telefonia;Viale  GIAN GALEAZZO, 25;> 20 e <= 300
Wind Tre S.p.A.;Telefonia;Via  Maria Montessori, 14;> 300 e <= 1000
Wind Tre S.p.A.;Telefonia;Via  SPARTACO, 21;> 20 e <= 300
Wind Tre S.p.A.;Telefonia;Via  MOMIGLIANO, 2;> 300 e <= 1000
Wind Tre S.p.A.;Telefonia;Piazza  CAVOUR,;> 20 e <= 300
Wind Tre S.p.A.;Telefonia;Via  PREVIATI, 37;> 300 e <= 1000
Wind Tre S.p.A.;Telefonia;Via  Monte Rosa, 90;> 300 e <= 1000
Wind Tre S.p.A.;Telefonia;Via  SONCINO, 1;> 20 e <= 300
Wind Tre S.p.A.;Telefonia;Via  SAN DAMIANO, 2;> 20 e <= 300
Wind Tre S.p.A.;Telefonia;Via  dei Ciclamini, 38;> 20 e <= 300
Wind Tre S.p.A.;Telefonia;Via  PICCOLOMINI, 2;> 300 e <= 1000
Wind Tre S.p.A.;Telefonia;Via  CAMPANELLA, 2;> 20 e <= 300
Wind Tre S.p.A.;Telefonia;Corso  Sempione, 100;> 20 e <= 300
Wind Tre S.p.A.;Telefonia;Via  VINCENZO MONTI, 81;> 300 e <= 1000
Wind Tre S.p.A.;Telefonia;Viale  FAMAGOSTA,;> 300 e <= 1000
Wind Tre S.p.A.;Telefonia;Corso  MAGENTA, 56;> 300 e <= 1000
Wind Tre S.p.A.;Telefonia;Via  Giovanni DA UDINE, 34;> 300 e <= 1000
Wind Tre S.p.A.;Telefonia;Via  SENIGALLIA, 18;> 20 e <= 300
Wind Tre S.p.A.;Telefonia;Via  PICCINNI, 5;> 20 e <= 300
Wind Tre S.p.A.;Telefonia;Via  ROMBON, 97;> 300 e <= 1000
Wind Tre S.p.A.;Telefonia;Largo  GELSOMINI, 12;> 300 e <= 1000
Wind Tre S.p.A.;Telefonia;Via  FARINI, 30;> 20 e <= 300
Wind Tre S.p.A.;Telefonia;Via  ASELLI, 9;> 300 e <= 1000
Wind Tre S.p.A.;Telefonia;Via  LOMELLINA, 34;> 20 e <= 300
Wind Tre S.p.A.;Telefonia;Viale  Beatrice D'ESTE, 15;> 20 e <= 300
Wind Tre S.p.A.;Telefonia;Via  BREMBO, 23;> 20 e <= 300
Wind Tre S.p.A.;Telefonia;Viale  MARCHE, 40;> 300 e <= 1000
Wind Tre S.p.A.;Telefonia;Viale  MONZA, 270;> 20 e <= 300
WorldSpace Italia S.p.A.;Radiofonia;Via  BETTINELLI, 3;> 20 e <= 300
